customer_key,customer_name,industry,vertical,address,city,state,zip
1,Bailey and Sons,Retailer,Retail,4624 Carl Mountain,Moorebury,MT,18869
2,Oliver Ltd,Tech,Tech,655 Smith Islands Apt. 390,South Diane,VI,32415
3,Santos-Edwards,Manufacturing,Manufacturing,7050 Williams Mission Apt. 082,Hannachester,AZ,42001
4,"Ramos, Stephens and Krueger",Retailer,Retail,43668 Michael Garden,Chenmouth,MO,88759
5,"Kirby, Rivers and Conway",Tech,Tech,948 Kelly Fields,New Patricia,RI,83708
6,Smith Ltd,Manufacturing,Manufacturing,4552 Ewing Place,Markville,MO,34412
7,"Holden, Hernandez and Ward",Retailer,Retail,44799 Lewis Cove Apt. 734,North Danielview,MP,89003
8,Montgomery Group,Tech,Tech,614 Warren Course,Joanneborough,WY,97038
9,"Howard, Stout and Moreno",Manufacturing,Manufacturing,24538 Brian Ranch Apt. 460,New Courtneymouth,WA,63257
10,Palmer-Barton,Retailer,Retail,0283 Kristina Stravenue,West Sandramouth,UT,17516
11,Fletcher-Miller,Tech,Tech,5203 Christopher Freeway,Johnview,GA,76523
12,Haynes-Clarke,Manufacturing,Manufacturing,92205 Jackson Ways Suite 649,Jessicaville,IL,92360
13,Reed-Medina,Retailer,Retail,89741 Jaclyn Ports Apt. 659,West Rebecca,NM,67621
14,Roberts-Allen,Tech,Tech,5172 Kent Plaza,Thompsonshire,AS,67480
15,Lucas PLC,Manufacturing,Manufacturing,576 Burgess Stream,Boydstad,WI,69861
16,Perez-Crane,Retailer,Retail,1580 Martinez Divide Suite 527,South Alicia,ND,40707
17,Romero-Harvey,Tech,Tech,6042 Kevin Heights Apt. 549,New Leslieborough,MO,44461
18,Williams-Rodriguez,Manufacturing,Manufacturing,0939 Sarah Causeway Apt. 888,Charlesport,PA,53135
19,Vargas-Scott,Retailer,Retail,8567 Perez Station Suite 170,Murphyfort,CO,92744
20,Richardson Group,Tech,Tech,959 Rivera Square Suite 934,Reyesview,CA,49931
21,Galvan PLC,Manufacturing,Manufacturing,861 Sandra Drives Apt. 382,Elizabethhaven,MH,18126
22,"Smith, Sanders and Palmer",Retailer,Retail,987 Jason Spur,Dylanfort,MT,97995
23,Powers LLC,Tech,Tech,1713 Becker Mountains Apt. 950,Jennifertown,ND,17321
24,Montgomery Inc,Manufacturing,Manufacturing,4715 Page View Suite 884,Wayneton,TN,96234
25,"Hansen, Bowen and Miller",Retailer,Retail,4225 Eddie Loop,North Katiefort,CO,41311
26,"Kennedy, Hansen and Thomas",Tech,Tech,8711 Tony Plain,North Melissaport,NJ,17394
27,Patterson-Henderson,Manufacturing,Manufacturing,0694 Andrew Garden,East Deniseton,FL,68169
28,Miller LLC,Retailer,Retail,780 Matthew Bypass Apt. 536,East Renee,NV,06277
29,Martin-Robinson,Tech,Tech,937 Eric Squares,Heidichester,VA,52486
30,"Gomez, Fleming and Becker",Manufacturing,Manufacturing,430 Anthony Street,Juareztown,NV,27452
31,"Harmon, Briggs and Porter",Retailer,Retail,046 Reyes Forge,Shannonfort,AK,05665
32,"Reed, Thomas and Fitzgerald",Tech,Tech,45061 Oneill Square,Emilyshire,RI,93155
33,Davidson Group,Manufacturing,Manufacturing,095 Stephanie Club Apt. 338,Baldwinside,MI,83413
34,"Diaz, Nelson and Montgomery",Retailer,Retail,46959 Jose Lights Suite 501,Lake Michelle,IN,35489
35,Stephenson-Wallace,Tech,Tech,664 Strong Underpass,Bergerport,TN,26380
36,"Larson, Gonzalez and Robinson",Manufacturing,Manufacturing,4738 Lisa Valleys Apt. 116,Lake Deborahfort,KS,49952
37,"Neal, Clayton and Ramos",Retailer,Retail,08398 Laura Crest,East Jennifer,ND,06300
38,Patel and Sons,Tech,Tech,7194 Michelle Field,Taylorfurt,IN,99570
39,Browning-Guerrero,Manufacturing,Manufacturing,653 Clark Mount,Zhangshire,WV,51288
40,Harper LLC,Retailer,Retail,485 Garcia Knolls,Leahfort,MP,74356
41,Conner Inc,Tech,Tech,97520 Larry Fall,South Peter,AR,22542
42,Fuller Inc,Manufacturing,Manufacturing,1194 Lisa Motorway Suite 449,New Jennifer,MD,15682
43,"Clements, Carr and Russell",Retailer,Retail,007 Perez Circle Apt. 846,Lake Jennifermouth,GU,63244
44,Villegas PLC,Tech,Tech,5066 Hanna Stream Suite 916,New Scott,MP,89361
45,Hernandez-Thomas,Manufacturing,Manufacturing,74038 Ramirez Lodge,East Anitaland,DC,88872
46,Cross PLC,Retailer,Retail,05160 Kelly Lock,Larsonburgh,OH,74773
47,Zhang-Arroyo,Tech,Tech,71636 Trevino Spring Apt. 509,Port Jennifermouth,NM,02240
48,"Lopez, Hart and Boyle",Manufacturing,Manufacturing,263 Mclean Burgs Suite 266,Port Traci,AK,27124
49,Houston Group,Retailer,Retail,043 Gardner Pines,Stoutville,NC,41589
50,"Morris, Wallace and Cook",Tech,Tech,0381 Herrera Knoll Suite 347,Whiteheadfurt,MA,11748
51,"Walker, Soto and Miller",Manufacturing,Manufacturing,1178 Jackson Stravenue Apt. 393,Alexborough,DC,72933
52,Chandler-Taylor,Retailer,Retail,771 Snyder Field,Lake Elaine,VT,37678
53,Martin Inc,Tech,Tech,24757 Dillon Glen Apt. 307,South Jamesland,AR,74359
54,Taylor Inc,Manufacturing,Manufacturing,41553 Kyle Ports,Lake Stanley,CO,92510
55,"Collins, Barnes and Reyes",Retailer,Retail,69733 Kenneth Radial Suite 980,East Erinbury,NJ,03234
56,"Powell, Abbott and Mendez",Tech,Tech,024 Paul Motorway Suite 765,Baileymouth,OK,22594
57,"Anderson, Bailey and Moore",Manufacturing,Manufacturing,47042 Victor Flats Apt. 662,South Kristy,IA,89702
58,Henderson LLC,Retailer,Retail,05148 Amy Stravenue,Jennifermouth,WI,26605
59,Smith Group,Tech,Tech,516 Moore Skyway,Rebeccaside,MS,07979
60,"Morris, Johnson and Miranda",Manufacturing,Manufacturing,25721 Edwards River,Dawsonchester,MP,41274
61,Garcia-Lee,Retailer,Retail,011 Haley Circles,Andersonstad,AZ,18695
62,Martinez-Lambert,Tech,Tech,04421 Porter Harbors Suite 217,Williamsmouth,KY,84073
63,"Ross, Smith and Andrade",Manufacturing,Manufacturing,92225 Klein Mountain Suite 166,West Leah,DE,66385
64,"Garcia, White and Ward",Retailer,Retail,2053 Karen Squares Suite 731,Jasonmouth,VA,41150
65,Moore Inc,Tech,Tech,467 Anderson Ramp,Hughesview,IL,37386
66,Schroeder and Sons,Manufacturing,Manufacturing,8813 Davis Drive,North Codymouth,SC,74476
67,Glenn LLC,Retailer,Retail,718 Hamilton Hollow,Morganside,CA,15711
68,"Zamora, Castro and Smith",Tech,Tech,612 Lee Locks Suite 594,Janicetown,PW,11986
69,Moore Inc,Manufacturing,Manufacturing,8795 James Mountains,New Lori,UT,86132
70,Benson-Wells,Retailer,Retail,337 Kenneth Tunnel,East Martha,NH,02644
71,Simmons Inc,Tech,Tech,838 Johnson Wall Apt. 636,North Anthonyberg,WY,52882
72,Moore Group,Manufacturing,Manufacturing,5691 Jerry Spring Apt. 848,Dawnstad,VI,59581
73,Brennan-Pierce,Retailer,Retail,43395 Cunningham Villages,South Tracybury,AK,88583
74,Harrison Group,Tech,Tech,147 Lindsey Mountains Apt. 006,New Aaronburgh,NC,06227
75,"Vazquez, Hopkins and Davis",Manufacturing,Manufacturing,87935 Penny Falls,Port Shanemouth,WA,29570
76,"Blake, Lang and Novak",Retailer,Retail,87295 Adrian Mountains,South Christopher,ID,30593
77,"Gaines, Walton and Morrison",Tech,Tech,332 Allen Fords Apt. 430,North Aprilberg,IA,44098
78,"Henry, Watson and Green",Manufacturing,Manufacturing,805 Jerry Rapid,Juanfort,NY,86088
79,Suarez-Peterson,Retailer,Retail,10796 Boyd Ridges,Ericton,MP,20536
80,Wilkinson-Booker,Tech,Tech,79200 Cheryl Summit Apt. 444,New Tiffany,DE,36336
81,"Carlson, Macias and Williams",Manufacturing,Manufacturing,9796 Sanchez Key Apt. 949,Rickyshire,MT,21688
82,Campbell LLC,Retailer,Retail,27039 Murphy Heights,West Vanessashire,PW,03854
83,"Bowen, Ryan and Clarke",Tech,Tech,78887 Tapia Tunnel,South Benjamin,AR,08467
84,"Phillips, Carter and Yang",Manufacturing,Manufacturing,74239 Jonathan Road,Bowmanport,DC,58778
85,Phillips-Riley,Retailer,Retail,707 Rebecca Ville,East Scott,PW,22874
86,"Jones, Blair and Kim",Tech,Tech,575 Berry Bypass,Harrischester,WY,52384
87,Allen-Lawrence,Manufacturing,Manufacturing,901 Evan Terrace Apt. 525,Ericksonmouth,WY,22016
88,Schneider-Wilson,Retailer,Retail,58654 Hines Prairie,New Matthew,TN,90052
89,"Hernandez, Murray and Barnes",Tech,Tech,0896 Castillo Roads,South Rhondaside,NJ,72785
90,Page-Hall,Manufacturing,Manufacturing,4035 Gomez Courts Suite 713,Murphytown,MT,38372
91,King Inc,Retailer,Retail,13897 Barajas Cape Apt. 232,North Donna,WY,03615
92,"Everett, Diaz and Morris",Tech,Tech,17490 Evelyn Street Suite 561,New Craigborough,NC,07965
93,"Bullock, James and Stephens",Manufacturing,Manufacturing,05430 White Turnpike,West David,IA,38597
94,"Burns, Walker and Kelly",Retailer,Retail,8679 Melanie Alley,East Victorland,AL,61386
95,"Bennett, Gilmore and Perez",Tech,Tech,2018 Larry Coves,Brownmouth,DE,77471
96,Lambert-Carter,Manufacturing,Manufacturing,3731 Shane Drive,South Bruce,NJ,08992
97,Smith-Robertson,Retailer,Retail,896 Patrick Court Apt. 047,Ricardobury,PA,46216
98,Sims and Sons,Tech,Tech,27523 Sydney Lake Apt. 901,Parkerside,IL,09402
99,"Abbott, Kelley and Irwin",Manufacturing,Manufacturing,67877 Mccann Track,North Ruthborough,MD,53359
100,Green Inc,Retailer,Retail,641 Williams Cove Suite 805,Kaylaburgh,WV,47058
101,Porter Group,Tech,Tech,9696 Fernandez Village,Ayersstad,MO,63212
102,Keller-York,Manufacturing,Manufacturing,944 Burch Passage Apt. 652,Lake Grace,FL,96958
103,"Huffman, Andrade and Norris",Retailer,Retail,2058 Mullen Causeway Suite 432,Ramseyport,CO,65696
104,Jackson-Clarke,Tech,Tech,984 Timothy Station Suite 558,South Laurieland,NM,64187
105,Morgan LLC,Manufacturing,Manufacturing,8352 Lee Common Suite 969,Knightfort,SC,40173
106,"Ramsey, Scott and Fernandez",Retailer,Retail,5345 Heidi Dale,New Patriciafurt,MT,02136
107,"Jackson, Robbins and Leach",Tech,Tech,533 Cortez Wells Apt. 477,South Richardtown,OK,33721
108,House LLC,Manufacturing,Manufacturing,735 Moore Ranch Apt. 663,North Kristi,OH,82693
109,Lane Ltd,Retailer,Retail,39106 Roberta Flats Apt. 127,Walkerville,MT,70465
110,"Braun, Davis and Oliver",Tech,Tech,389 Hicks Springs Suite 781,New Alexander,FL,97341
111,Gibson-Hudson,Manufacturing,Manufacturing,507 Steve Divide,Port Leslie,WY,39310
112,Rivera Ltd,Retailer,Retail,248 Farmer Viaduct,New Sandra,SD,24407
113,Douglas Group,Tech,Tech,440 Miller Shore,New Susanton,MP,11786
114,Schmitt-Cruz,Manufacturing,Manufacturing,42189 Malone Radial Apt. 807,South Frankfort,PA,11517
115,"Harris, Smith and Shaw",Retailer,Retail,8641 Maldonado Rue Suite 493,South Christina,MA,09019
116,Shaw PLC,Tech,Tech,323 Garcia Hollow Apt. 264,Arianahaven,VI,24809
117,Clark-Long,Manufacturing,Manufacturing,27942 Ward Junctions Apt. 774,Stevensonfurt,CA,49733
118,Nelson PLC,Retailer,Retail,88572 Joseph Branch Suite 138,East Catherineport,UT,42170
119,"Harris, Brown and Davila",Tech,Tech,707 Mcgee Valley Suite 475,Wardtown,MN,04407
120,Salazar-Farley,Manufacturing,Manufacturing,9352 Lambert Run,North Samuelside,MA,96303
121,Duran-English,Retailer,Retail,56381 Danielle Skyway,South Michael,TN,07498
122,"Nelson, Pham and Smith",Tech,Tech,08989 Garcia Park Suite 055,New Wendyside,PW,58061
123,"Mckenzie, Nelson and Hill",Manufacturing,Manufacturing,9687 Mejia Road Suite 729,Sheriburgh,VT,23963
124,Welch Ltd,Retailer,Retail,32520 Paul Cape,South Sabrinastad,OK,40212
125,Clark PLC,Tech,Tech,6781 Amanda Burg,Alberttown,WI,39299
126,Jones and Sons,Manufacturing,Manufacturing,2736 Wilson Road,Wilsontown,SC,24203
127,"Harris, Turner and Mccall",Retailer,Retail,9200 Williams Course Suite 623,North Jacob,GU,83890
128,"Smith, Juarez and Howard",Tech,Tech,7804 Carter Greens,Lake Tiffanystad,MO,01451
129,Reeves-Oconnor,Manufacturing,Manufacturing,4431 Atkinson Island,Hannahberg,AZ,61798
130,Perez-Reed,Retailer,Retail,78075 Bryan Shoals,Lake Bethhaven,WV,26255
131,Moody-Reynolds,Tech,Tech,0479 Jesse Falls,Wilcoxhaven,DC,22196
132,Baker Group,Manufacturing,Manufacturing,50682 Williams Green,North Kathy,OK,40268
133,Johnson Inc,Retailer,Retail,23200 Alicia Springs,Aliciaton,IA,63341
134,Frank-Edwards,Tech,Tech,773 Daniel Port,West Brandon,OR,94691
135,Quinn Group,Manufacturing,Manufacturing,16882 Russell Burgs Suite 457,East Jorgetown,NE,06568
136,"Flores, David and Barnes",Retailer,Retail,449 Joyce Lights Suite 518,New Alishaborough,AR,91032
137,Garrett-Herrera,Tech,Tech,5712 Young Isle,South Tara,SC,88594
138,"Hernandez, Robertson and Hughes",Manufacturing,Manufacturing,843 Grant Drive Apt. 301,Jennifershire,ME,53748
139,Burgess PLC,Retailer,Retail,986 Donald Corners Apt. 284,Dianafurt,UT,82892
140,"Cole, Evans and Fleming",Tech,Tech,8391 Benjamin Walks,East Monicaburgh,MT,72804
141,Spencer-Foley,Manufacturing,Manufacturing,1647 Holland Forks Suite 231,South Ashley,DC,27015
142,Snyder-Montes,Retailer,Retail,3872 Kristy Row,Anabury,MA,18909
143,"Brooks, Wright and Fields",Tech,Tech,445 Stephanie Underpass,Coreyville,HI,26640
144,"Mullen, Weber and Valenzuela",Manufacturing,Manufacturing,514 Pamela Stream,Christopherville,MA,06247
145,"Little, Robles and May",Retailer,Retail,8063 Dakota Center Apt. 374,West Wyattland,NE,32226
146,Wilson-Brown,Tech,Tech,4640 Miller Parkways,Port Sarahside,MD,07104
147,Thomas-Baldwin,Manufacturing,Manufacturing,609 Eaton Skyway,New Andrea,NV,21567
148,"Allen, Gilbert and Allen",Retailer,Retail,73182 Derek Ranch,Ericborough,AK,15524
149,Cortez Inc,Tech,Tech,22140 Maynard Burgs Apt. 984,Robersonfort,OH,61195
150,Cook-Rice,Manufacturing,Manufacturing,698 Chelsea Vista Apt. 523,Alexisberg,RI,49934
151,Trujillo Group,Retailer,Retail,8201 Patrick Center,North Joshua,WI,19864
152,Chase-Guzman,Tech,Tech,48228 Jackson Heights,South Toddland,CA,12998
153,Smith-Baldwin,Manufacturing,Manufacturing,2091 Huff Extensions,Lake Colton,IL,25234
154,"Kim, Hoffman and Castaneda",Retailer,Retail,9395 Brooke Villages Suite 029,Grahamborough,WI,54187
155,"Johnson, Garner and Salazar",Tech,Tech,392 Blair Corner,New Cynthia,IN,35575
156,"Espinoza, Page and Miller",Manufacturing,Manufacturing,2087 Cain Mills Suite 569,Bakerfurt,ME,29854
157,Fitzpatrick PLC,Retailer,Retail,327 Alison Common,Lake Christopherfort,MA,33411
158,Chung-Anderson,Tech,Tech,9205 Brett Via Apt. 769,Greerport,HI,83057
159,Watts Inc,Manufacturing,Manufacturing,583 Thomas Throughway Suite 186,Leslieborough,KS,90147
160,"Kim, Franco and Flores",Retailer,Retail,9131 Ashley View Apt. 635,Brittanyville,SD,69727
161,Evans Inc,Tech,Tech,778 Rebecca Mews,Christineshire,VI,12895
162,"Carson, Reed and Carter",Manufacturing,Manufacturing,3314 Kline Crest Suite 992,Jasonbury,DE,20671
163,Hart PLC,Retailer,Retail,1562 Sarah Unions,Markshire,OK,97525
164,Chambers LLC,Tech,Tech,706 Francisco Station,Alanshire,HI,43013
165,"Lopez, Smith and Sloan",Manufacturing,Manufacturing,82208 Campbell Orchard,East Markland,MH,62568
166,Chase-Todd,Retailer,Retail,145 Lisa Extensions Suite 602,Lake Allison,CA,11012
167,"Baker, Harper and Richards",Tech,Tech,338 Collins Crest Suite 572,New Katieview,NV,81064
168,"Campbell, Rodriguez and Ingram",Manufacturing,Manufacturing,6377 Bond Shoals Apt. 969,Davidton,AR,41358
169,Campos LLC,Retailer,Retail,743 Kirby Estates Suite 598,Lake Justin,PW,50284
170,"Molina, Hoover and Kennedy",Tech,Tech,87314 Gutierrez Road Apt. 221,North Dustin,VI,84123
171,Vargas-Berger,Manufacturing,Manufacturing,095 Gomez Island,Port Tanya,NJ,65373
172,Stewart and Sons,Retailer,Retail,3700 Lisa Shoal Apt. 881,Hansonbury,MN,48432
173,"Smith, Riley and Donaldson",Tech,Tech,2930 Cannon Turnpike,West Lauraville,VI,29685
174,Clark Group,Manufacturing,Manufacturing,612 Nicolas Prairie,Maciashaven,AL,39045
175,Campbell-Rangel,Retailer,Retail,449 Dennis Mountain Apt. 972,West Scott,NY,06856
176,Duke-Norton,Tech,Tech,7120 Megan Flat,New Stephanie,PA,72939
177,Chavez Ltd,Manufacturing,Manufacturing,666 Barbara Islands,Davidside,MS,59896
178,White PLC,Retailer,Retail,8010 Oneal Trail Suite 805,Sarahhaven,NV,01536
179,Black PLC,Tech,Tech,01709 Glass Orchard,Bradleymouth,AL,11301
180,Nash Group,Manufacturing,Manufacturing,852 Matthew Tunnel,East Kevinborough,TN,20116
181,Marquez Ltd,Retailer,Retail,8254 Thompson Green Suite 919,East Patrickhaven,HI,08405
182,Elliott-Williams,Tech,Tech,1891 Nicole Stream Apt. 494,Davidborough,PA,89988
183,Johnston and Sons,Manufacturing,Manufacturing,6274 Wheeler Pines,Murphychester,MS,65815
184,Chen Group,Retailer,Retail,70688 Sue Mountains,Stoneville,WA,61989
185,"Jordan, Taylor and Carr",Tech,Tech,4900 Willis Branch,East Ronald,CA,64245
186,Boyd-Rasmussen,Manufacturing,Manufacturing,54478 James Tunnel Suite 137,Lake Alisonburgh,OH,68146
187,Rich-Bond,Retailer,Retail,91622 Norman Villages,Brownside,IA,35753
188,"Mullins, Knapp and Orozco",Tech,Tech,737 Nguyen Club Apt. 066,West Mark,CO,99719
189,Davis LLC,Manufacturing,Manufacturing,4078 Sanchez Crossing Suite 155,Lake Davidtown,AK,32623
190,Williams-Adams,Retailer,Retail,774 Matthew Rapids,Port Chelsea,MP,96328
191,Spencer LLC,Tech,Tech,334 Tara Key,North Nathan,WY,46733
192,Howard-Williams,Manufacturing,Manufacturing,7771 Christopher Corner Suite 715,North Lisa,VI,47765
193,Ramirez-Fowler,Retailer,Retail,66852 Anthony Harbors,Richardton,NC,21957
194,"Ingram, Anderson and Bray",Tech,Tech,24781 Nicholas Pike Suite 451,Jacksonbury,MN,89266
195,"Morse, Mason and Villanueva",Manufacturing,Manufacturing,92635 Morrow Alley,North Shanetown,NV,08359
196,Richmond PLC,Retailer,Retail,2727 Young Mill,Delacruzland,NY,60154
197,Howard-Forbes,Tech,Tech,5051 Rivera Creek,Careyview,NM,07216
198,Taylor-Heath,Manufacturing,Manufacturing,203 Morgan Dam,Lake Kimberlyland,MI,25150
199,Sims-Hebert,Retailer,Retail,662 Green Shore,Maryfurt,GU,14088
200,Acevedo-Barker,Tech,Tech,50615 Harris Walks,Kristinfurt,PA,18690
201,"Savage, Schwartz and Torres",Manufacturing,Manufacturing,237 King Expressway Apt. 586,Port Taylor,ID,89690
202,"Smith, Arias and Garcia",Retailer,Retail,6071 Thomas Lodge Apt. 576,Lake Brittany,SC,50945
203,Marsh-Barry,Tech,Tech,938 Richard Points,Schmidtbury,NY,83905
204,Rivera Ltd,Manufacturing,Manufacturing,53095 Christine Ridges,Lewishaven,CO,55568
205,"Roberts, Brown and Villanueva",Retailer,Retail,1754 Jones Crossing,South Joseborough,IA,34984
206,"Miller, Hoffman and Garner",Tech,Tech,12202 Stevenson Station Apt. 186,Kevinborough,MD,22702
207,"Bowers, Montoya and Brooks",Manufacturing,Manufacturing,6124 Richardson Mission Suite 278,Robertsmouth,ND,65215
208,Smith Group,Retailer,Retail,56952 Angela Keys Suite 974,Port Cheryl,MN,04883
209,Hanson-Mclean,Tech,Tech,16145 Randy Knoll,Haynesborough,NM,53115
210,Smith-Walters,Manufacturing,Manufacturing,441 Elizabeth Estates Apt. 448,West Justin,IL,42459
211,Hardy Ltd,Retailer,Retail,9261 Rodriguez Overpass Apt. 756,Erikatown,CA,30993
212,"Hernandez, Rodriguez and Tate",Tech,Tech,576 Garcia Underpass Suite 971,Ryantown,NE,48419
213,"Campbell, Phillips and Moore",Manufacturing,Manufacturing,59023 Smith Island Apt. 912,North Stephen,CA,40621
214,Meyer Group,Retailer,Retail,26294 Charles Tunnel,Matthewhaven,CA,84703
215,"Mitchell, Sullivan and Ferguson",Tech,Tech,1724 Rebecca Creek Suite 762,Port Sean,MP,40119
216,"Fuentes, Webb and Moore",Manufacturing,Manufacturing,47400 Ortiz Circles,Lake Justinburgh,PA,40533
217,"Hall, Stone and Dunlap",Retailer,Retail,93489 Laura Mountain Suite 160,Kimberlymouth,SD,13684
218,Vazquez PLC,Tech,Tech,30389 Jeffrey Isle Apt. 695,Brittanyborough,VT,91830
219,"Williamson, Morse and Zamora",Manufacturing,Manufacturing,126 Sydney Knolls Suite 798,South Sarah,ME,36745
220,"Henderson, Edwards and Leon",Retailer,Retail,255 Lopez Centers Apt. 505,Port Tyler,TN,58083
221,"Howell, Harrison and Petty",Tech,Tech,28353 Daniel Ranch,West Amanda,NE,11230
222,"Oconnor, Hill and Miller",Manufacturing,Manufacturing,9887 Ayala Route,East Jason,VI,79187
223,Robinson Inc,Retailer,Retail,47570 Wood Falls Suite 806,Alvaradoville,AL,37831
224,"Smith, Wright and Booth",Tech,Tech,4450 Valencia Inlet,Port Barry,ME,11817
225,Williamson PLC,Manufacturing,Manufacturing,9275 Lauren Crescent Suite 834,Westport,AR,63291
226,Booker PLC,Retailer,Retail,4084 Smith Port,Sheaberg,MT,39982
227,Carpenter Inc,Tech,Tech,309 Mallory Island,Reyeschester,AK,75538
228,Coleman-Davis,Manufacturing,Manufacturing,632 Tracy Mission Suite 800,Lyonston,ID,92776
229,"Bishop, Byrd and Bradley",Retailer,Retail,31399 Scott Cove,West Darylbury,MH,31475
230,Little PLC,Tech,Tech,740 Linda Road Apt. 837,Burketon,ME,89559
231,"Miller, Morgan and Brown",Manufacturing,Manufacturing,88535 Hernandez Station,Lake Christopher,MO,38031
232,Herring and Sons,Retailer,Retail,009 Mann Turnpike Apt. 636,Hendersontown,OK,35605
233,Leach-White,Tech,Tech,01161 Sarah Squares Apt. 310,New Pattytown,ME,78441
234,"Price, Henry and Jackson",Manufacturing,Manufacturing,539 Carl Lakes,Batesberg,NJ,90654
235,"Schultz, Freeman and Perry",Retailer,Retail,204 Joseph Courts Apt. 391,New Nicholas,TX,83360
236,"Guzman, Gates and Clark",Tech,Tech,7772 Laurie View Apt. 298,North Jessicaville,AZ,28576
237,Fitzgerald and Sons,Manufacturing,Manufacturing,76646 Roger Stravenue Suite 382,Gabrielhaven,MD,23658
238,Galloway-Harris,Retailer,Retail,5655 Fritz Locks Apt. 587,Phillipchester,NM,21615
239,Taylor-Copeland,Tech,Tech,383 Sarah Greens Suite 498,Hectorburgh,OR,03652
240,"Wiggins, White and Quinn",Manufacturing,Manufacturing,383 Johnson Pike Apt. 067,New John,OK,71450
241,Scott LLC,Retailer,Retail,0509 Hammond Hill Suite 546,New Kenneth,ID,65435
242,Young-Wheeler,Tech,Tech,5290 Brian Cove,Dianeville,KY,89649
243,Gonzales Group,Manufacturing,Manufacturing,0929 Nicholas Station Apt. 863,Popefort,CT,41170
244,Santos LLC,Retailer,Retail,4824 Baker Keys Apt. 833,North Charlene,ID,68887
245,Olson Ltd,Tech,Tech,384 Carl Rue Suite 719,Lake Annton,WA,70564
246,"Castaneda, Pratt and Tran",Manufacturing,Manufacturing,7612 Stephanie Station,Matthewchester,PA,71113
247,Ellis Inc,Retailer,Retail,65709 Karina Mills Suite 272,East Timothyfort,VI,22778
248,"Hernandez, Patton and Dunlap",Tech,Tech,07569 Melissa Forks,North Keithfort,PR,27788
249,Ruiz-Jimenez,Manufacturing,Manufacturing,867 Joshua Glen Suite 481,Port Shane,OH,51344
250,Nicholson-Allen,Retailer,Retail,400 Lee Locks,West Lauren,KS,08774
251,Davis-Rodriguez,Tech,Tech,663 James Divide Apt. 379,New Lauramouth,LA,92144
252,Ballard-Green,Manufacturing,Manufacturing,5067 Amanda Lodge,Bowersview,CT,25346
253,Crawford Ltd,Retailer,Retail,860 Weber Wall,East Richard,WA,22381
254,Meadows and Sons,Tech,Tech,344 Bennett Square Apt. 015,West Michealchester,ID,33207
255,Smith-Brewer,Manufacturing,Manufacturing,65299 Keith Mall,Port Bill,WY,46346
256,"Ferguson, Sawyer and Duncan",Retailer,Retail,624 Kristin Summit,East Lauramouth,SC,36823
257,Nelson-Sanchez,Tech,Tech,77979 Caroline Plain Suite 174,Richardstad,MD,10937
258,"Smith, Davis and Oliver",Manufacturing,Manufacturing,964 Orr Ports,Colemanchester,MS,11769
259,Stout and Sons,Retailer,Retail,61721 Lawson Fort,Sanchezville,FL,11413
260,"Chan, Garcia and Brown",Tech,Tech,4413 Tracy Crest Apt. 102,Lake Adamstad,NY,33083
261,Cook PLC,Manufacturing,Manufacturing,3640 Cindy Prairie,East Kayla,OK,87488
262,Riley-Erickson,Retailer,Retail,5859 Roberts Center Suite 197,Andersonside,NC,21699
263,"Morris, Byrd and Miller",Tech,Tech,012 Virginia Village,North James,IN,55999
264,George LLC,Manufacturing,Manufacturing,0779 Glover Estate,Markborough,GU,44244
265,Zavala LLC,Retailer,Retail,73185 Smith Fort,Port Leslie,ID,22089
266,Meyer LLC,Tech,Tech,714 Christine Parkways,Fuentesborough,GA,47928
267,Harris Ltd,Manufacturing,Manufacturing,90142 Daniel Pass,Lindaburgh,MN,26924
268,"Aguirre, House and Wilson",Retailer,Retail,9889 Cindy Mountains Apt. 064,North Benjaminfurt,MS,33664
269,"Burch, Lynn and Sawyer",Tech,Tech,573 James Groves,East Kristimouth,KY,63215
270,Michael-Horton,Manufacturing,Manufacturing,232 Michael Green Suite 591,Mcintoshton,IL,94698
271,"Sherman, Garza and Liu",Retailer,Retail,82195 Watts Mission Suite 630,Jackiehaven,DC,63214
272,"Smith, Rodriguez and Stanley",Tech,Tech,2206 Gordon Summit,Tonyview,PA,75305
273,Garcia-Lloyd,Manufacturing,Manufacturing,4258 Rios Loaf Suite 078,Martinberg,SD,27750
274,"Deleon, Morris and Flowers",Retailer,Retail,0214 Gregory Lakes,Caldwellhaven,VI,75874
275,Chambers Ltd,Tech,Tech,5795 Richardson Parkways Suite 815,East Kimberlytown,WI,41060
276,"Sanford, Hernandez and Nguyen",Manufacturing,Manufacturing,491 Brown Street,Leonardland,PA,96105
277,Johnson-Hunter,Retailer,Retail,481 Norris Port Suite 054,Port James,AK,25263
278,Tucker and Sons,Tech,Tech,72600 Cabrera Harbor Suite 093,Port John,SD,48304
279,Edwards-Davidson,Manufacturing,Manufacturing,93145 Carpenter Trace Apt. 408,West Elizabeth,WV,50284
280,Lucas-Martinez,Retailer,Retail,0422 Daniel Prairie,Medinachester,ID,33184
281,Harper-Estrada,Tech,Tech,72976 Miller Route,Joytown,WV,61227
282,Sellers-King,Manufacturing,Manufacturing,070 Susan Groves Suite 760,Kathrynshire,FL,77793
283,Butler-Rose,Retailer,Retail,93402 Chad Mission,South Kaylaborough,PW,37584
284,"Ward, Bird and Smith",Tech,Tech,28901 Reese Wells Suite 065,West Steven,WA,72365
285,Eaton-Stewart,Manufacturing,Manufacturing,31440 Natalie Vista Suite 036,Johnsonville,MD,08200
286,"Olson, Mckee and Houston",Retailer,Retail,447 Lutz Pines,Maldonadoport,LA,41758
287,Cook-Mcclure,Tech,Tech,177 Payne Center Apt. 889,West Alexandra,MH,73955
288,Wilson-Martinez,Manufacturing,Manufacturing,358 Wesley Drives,Smithborough,AL,21966
289,"Bright, Haynes and Walsh",Retailer,Retail,081 Soto Radial Suite 063,Marcusfurt,KS,18721
290,Edwards-Bradford,Tech,Tech,6284 Chelsea Pines Suite 500,New Coreyville,MS,58907
291,Hays Group,Manufacturing,Manufacturing,679 Theresa Brooks,Michaelshire,VI,69659
292,Thompson-Krueger,Retailer,Retail,637 Nelson Hollow Apt. 569,Port Thomasbury,AL,07784
293,Burch-Johnston,Tech,Tech,6494 David Landing,Brittanyport,SC,88581
294,Bond PLC,Manufacturing,Manufacturing,716 Joshua Light,South Leslieview,MA,93648
295,Malone Group,Retailer,Retail,420 Isaac Key,Smithville,MN,53673
296,"Turner, Clements and Patterson",Tech,Tech,71991 Angelica Ville,New Barbara,FM,85311
297,"Ballard, Mcclain and Franco",Manufacturing,Manufacturing,687 Miller Dale Suite 507,Ericton,AS,23514
298,Smith PLC,Retailer,Retail,6953 Gross Prairie Apt. 119,New Jessica,FL,35863
299,Gates-Thompson,Tech,Tech,1873 Sarah Extensions,West Karenhaven,AR,28657
300,Walsh Ltd,Manufacturing,Manufacturing,6933 Weaver Gateway Apt. 201,New Albertton,MN,67380
301,Arnold-Hall,Retailer,Retail,944 Russell Dam,North Michaelmouth,MT,24030
302,"Gordon, Freeman and Ryan",Tech,Tech,4676 Fowler Loaf Suite 381,East Caroltown,PA,45192
303,Ferrell Group,Manufacturing,Manufacturing,733 Carrillo Flats Apt. 681,Triciaville,AR,52205
304,"Flores, Marks and Harris",Retailer,Retail,99380 Ramirez Path,Jennifershire,MO,42493
305,"Knight, Wilson and Walton",Tech,Tech,08061 Cynthia Spur Apt. 952,Kathleenburgh,CA,44739
306,"Harmon, Reyes and Watkins",Manufacturing,Manufacturing,68059 Haney Mill,Jamesborough,LA,83038
307,Hunt Ltd,Retailer,Retail,73502 Christopher Roads Suite 192,Lake Michaelaburgh,MN,79061
308,Torres PLC,Tech,Tech,11615 Nguyen Ferry Apt. 792,Garciashire,NE,73753
309,"Anderson, Decker and Porter",Manufacturing,Manufacturing,1744 Chelsea Estate Suite 476,Lake Bradley,OH,01626
310,"Rivera, Young and Mercer",Retailer,Retail,43153 Bailey Dale,West Victoriafort,RI,08767
311,Castro-Ortiz,Tech,Tech,72553 Edward Well,South Eric,HI,60331
312,Baxter Group,Manufacturing,Manufacturing,903 Christopher Fields,North Justin,GA,19694
313,"Wilson, Gregory and Sullivan",Retailer,Retail,8468 Michael Terrace,Millerborough,MP,67499
314,"Reyes, Wright and Green",Tech,Tech,24177 Schwartz Parkways,Lake April,HI,17200
315,Jennings-Hayes,Manufacturing,Manufacturing,5173 Erica Plaza,Whiteborough,WI,91268
316,"Jacobson, Young and Oconnor",Retailer,Retail,505 Janet Estates,North Spencershire,GA,33461
317,Young-Willis,Tech,Tech,8720 Michelle Course Suite 513,Powellton,SC,30873
318,"White, Banks and Cox",Manufacturing,Manufacturing,34917 Edwards Harbors Apt. 869,Lake Robert,MP,16922
319,Smith-Yang,Retailer,Retail,7981 Brianna Islands Suite 747,Jonathanland,FM,29614
320,Hall-Hernandez,Tech,Tech,5488 Sandra Estates Apt. 692,South Kathryn,NM,11031
321,Taylor and Sons,Manufacturing,Manufacturing,06730 Rodriguez Overpass Apt. 675,Jamesbury,NV,34229
322,Walsh-Smith,Retailer,Retail,11325 Kelley Rapids Suite 971,South Andreachester,KY,50417
323,Clark Group,Tech,Tech,01270 Tracy Trace,Knightview,UT,89326
324,Richmond LLC,Manufacturing,Manufacturing,74229 Burnett Flats Apt. 827,Port Derrick,MI,93065
325,Rose Inc,Retailer,Retail,6094 Benjamin Row,South Carlos,WI,30393
326,"Saunders, Gardner and Carter",Tech,Tech,4245 Patrick Shoal Apt. 907,Richardview,MH,46739
327,Moody-Harrell,Manufacturing,Manufacturing,336 Nelson Springs Suite 482,Colonside,PW,43520
328,"Blackwell, Garcia and Miller",Retailer,Retail,30330 Christopher Camp,Port Patricktown,NV,82416
329,Gillespie and Sons,Tech,Tech,19257 Robinson Harbor,New Alexander,IN,75089
330,Lopez-White,Manufacturing,Manufacturing,219 Kevin Club Suite 064,Lake Natashaburgh,OK,95823
331,Smith-Adams,Retailer,Retail,1788 Moore Views Apt. 860,Christopherville,MD,47473
332,"Wright, Oconnor and Carter",Tech,Tech,471 Allison Stream,Port James,OH,42634
333,Garcia-Coleman,Manufacturing,Manufacturing,4981 Gilbert Vista Apt. 923,Fisherside,ND,24455
334,Gilmore-Moore,Retailer,Retail,418 David Run Suite 801,Ericamouth,AK,84041
335,Miles Group,Tech,Tech,2265 Matthew Ford,Brownhaven,VA,06381
336,"Mejia, West and Burke",Manufacturing,Manufacturing,492 Miguel Cape,Gloriaview,AK,70470
337,Perez-Smith,Retailer,Retail,0697 Wise Centers Suite 802,New Diana,ID,85193
338,Long PLC,Tech,Tech,50144 Logan Mount,Port Lisaside,MO,53321
339,Banks-Rivera,Manufacturing,Manufacturing,297 Amy Road Apt. 787,Fisherbury,CA,05435
340,Gregory-Taylor,Retailer,Retail,59513 Dillon Views Suite 879,East Michael,VA,05689
341,Shepard-Adams,Tech,Tech,1186 Heather Lodge,Justinberg,MH,40604
342,Martinez-Flores,Manufacturing,Manufacturing,996 Hardy Club Apt. 186,Port Erin,TN,45381
343,Ross PLC,Retailer,Retail,031 Lawrence Gateway Apt. 158,West Charlesfort,GU,61444
344,Wilson Group,Tech,Tech,66849 Sarah Way,Lake Eduardomouth,KY,82622
345,"Summers, Gray and Stewart",Manufacturing,Manufacturing,322 Serrano Hollow,South William,LA,15469
346,Thomas Group,Retailer,Retail,32175 Newton Square Suite 103,Charleston,VT,97723
347,Wade-Russo,Tech,Tech,56254 Jeremy Union Apt. 861,East Tracystad,GU,56443
348,Anderson PLC,Manufacturing,Manufacturing,345 Angela Trail Apt. 042,Powellchester,TN,21311
349,Duffy-Sanchez,Retailer,Retail,37836 Patrick Flats,West Cynthiaview,NY,45513
350,"Schaefer, Morgan and Perez",Tech,Tech,9067 Moore Flats Apt. 452,Huffmanbury,WV,47721
351,Flores PLC,Manufacturing,Manufacturing,6995 Osborne Union,Brewershire,AS,08071
352,Gaines PLC,Retailer,Retail,80163 Julie Square Suite 342,Lake Markport,RI,74560
353,Vaughan and Sons,Tech,Tech,607 Mary Rue Apt. 278,Lake Tammyview,MN,92654
354,"Arellano, Simmons and Thomas",Manufacturing,Manufacturing,602 Gomez Branch,Anthonytown,WY,30197
355,"Hicks, Nguyen and Ortiz",Retailer,Retail,2225 Joshua Bypass Apt. 010,North Joannamouth,SC,57685
356,Mills-Simmons,Tech,Tech,45671 Sharon Spur Suite 030,West Ericburgh,WV,00946
357,Pace-Johnson,Manufacturing,Manufacturing,625 James Forks,East Jeffreyberg,ME,59875
358,Meza-Miller,Retailer,Retail,5391 Michael Isle Suite 516,South Annberg,ME,40847
359,Spence-Davis,Tech,Tech,9894 Timothy Isle Suite 709,Christianborough,GA,10990
360,"Odonnell, Clark and Perry",Manufacturing,Manufacturing,8950 Kelly Islands,Nancyton,VT,32190
361,Park-Watkins,Retailer,Retail,1039 John Path,Gregoryport,NJ,50687
362,Kaufman-Kim,Tech,Tech,14978 Jonathan Shores,Hernandezfort,IN,37626
363,"Smith, Munoz and Callahan",Manufacturing,Manufacturing,24313 Howe Pines Apt. 460,South Joannebury,NY,93823
364,"Alvarado, Bowman and Tucker",Retailer,Retail,7527 Moore Locks Suite 334,Stevensborough,KY,44849
365,"Santos, Hunt and Fox",Tech,Tech,983 Kelly Meadow Suite 987,Robertfurt,KY,01160
366,Collins Inc,Manufacturing,Manufacturing,6155 Davis Extension Apt. 507,Port Denisefort,ID,98462
367,Smith-Hill,Retailer,Retail,65006 Mccullough Neck Apt. 717,Lake John,AL,52060
368,"Bright, Mcintosh and Thomas",Tech,Tech,50788 West Vista,Jenniferberg,SD,94847
369,Gay-Simon,Manufacturing,Manufacturing,859 Hall Creek Apt. 478,Esparzamouth,PW,70739
370,Gonzales Ltd,Retailer,Retail,9978 Robin Park,Markchester,MD,32794
371,Gray-Wyatt,Tech,Tech,44021 Clinton Circles Suite 909,Smithfurt,TN,94764
372,"Thompson, Moore and Herrera",Manufacturing,Manufacturing,007 Caitlin Radial Apt. 542,New Micheleton,NV,48063
373,"Long, Anderson and Duffy",Retailer,Retail,6544 Ellis Port Apt. 978,Lindafurt,WY,79540
374,Jensen PLC,Tech,Tech,03103 Olivia Spurs Suite 192,Port Clintonside,NM,55268
375,Martinez Group,Manufacturing,Manufacturing,2240 Gay Ford,Lewisville,IN,81621
376,Gutierrez-Luna,Retailer,Retail,3028 Justin Walks Apt. 949,Jasonton,AK,34399
377,Copeland Inc,Tech,Tech,93551 King Parks,Juanmouth,VT,51617
378,"Hall, Clements and Anderson",Manufacturing,Manufacturing,08350 Arthur Vista Apt. 310,West Marissa,AK,42318
379,"Cruz, Holt and Lewis",Retailer,Retail,448 Young Causeway,Pennyborough,MA,97468
380,Russell-Smith,Tech,Tech,21148 Erik Glen,Saraside,FL,85933
381,Powell-Bright,Manufacturing,Manufacturing,947 William Tunnel Apt. 045,Johnsonview,DE,22808
382,"Neal, Foster and Gaines",Retailer,Retail,84608 Clark Fort,South Troyberg,AL,77093
383,"Colon, Taylor and Flynn",Tech,Tech,766 Small Pine,New Jerometown,AZ,99216
384,Myers-Ortiz,Manufacturing,Manufacturing,76738 James Shoal Apt. 437,Johnsonview,PR,45977
385,Beck PLC,Retailer,Retail,183 Matthew Ranch,Kristenburgh,OK,35076
386,"Maxwell, Santos and Thomas",Tech,Tech,184 Evans Spur,Jacksonside,MI,55694
387,Ross-Smith,Manufacturing,Manufacturing,655 Patricia Forks,Port Gregory,AK,76618
388,"Douglas, Miranda and Marshall",Retailer,Retail,0150 Kelly Run Suite 483,Smithmouth,TN,54004
389,Stephens-Turner,Tech,Tech,4713 Shannon Plains,Port Deborah,OK,36021
390,"Greene, Fox and Thornton",Manufacturing,Manufacturing,658 Sosa Lodge,North Deniseberg,ME,06957
391,"Benjamin, Terry and Frey",Retailer,Retail,9802 Tate Port Apt. 967,North Aaronbury,CT,33449
392,Wyatt Ltd,Tech,Tech,0389 Moon Hills Suite 271,Christianfort,MI,20722
393,Harris-Duncan,Manufacturing,Manufacturing,432 Alexis Passage Suite 677,South Destinychester,OK,46517
394,Phillips-Fleming,Retailer,Retail,561 Richardson Court Apt. 993,Walterland,SC,44965
395,Rogers-Lloyd,Tech,Tech,782 Wheeler Estates,Keyland,SD,77185
396,"Rowland, Dixon and Roberts",Manufacturing,Manufacturing,35759 Brady Course Suite 204,Brenttown,IN,70099
397,Decker-Mack,Retailer,Retail,4128 Wilson Haven Apt. 403,North Michaelmouth,TX,64152
398,"Barker, Tapia and Singh",Tech,Tech,6929 Green Bypass Apt. 437,Josephshire,VI,43879
399,Roberts-Freeman,Manufacturing,Manufacturing,316 Barnes Flat,Michelletown,VA,31572
400,"Pierce, Meyers and King",Retailer,Retail,256 Moore Oval Suite 722,West Ashleyburgh,WI,33215
401,Pennington-Ross,Tech,Tech,5880 David Loop Apt. 773,Alexanderhaven,UT,85304
402,Brooks-Morton,Manufacturing,Manufacturing,174 Garrett Forest,New Travisville,MH,06117
403,Huffman LLC,Retailer,Retail,448 Newman Burgs,North Christianville,IL,90914
404,Reed-Miller,Tech,Tech,820 Perez Ford,Andrewstown,FM,71671
405,Gray PLC,Manufacturing,Manufacturing,46803 Zachary Loop,Lake Scottmouth,CT,59134
406,"Brown, Carpenter and Wilson",Retailer,Retail,5881 Ward Creek,Sandraborough,AL,35684
407,"Baker, Kirk and Roberts",Tech,Tech,4683 Bell Meadows Apt. 505,Smithton,MD,33153
408,"Guerrero, Vargas and Carlson",Manufacturing,Manufacturing,778 Kristina Drive,West Margaret,IA,53558
409,Jensen and Sons,Retailer,Retail,0616 Moreno Road Suite 121,Stevensside,OK,11130
410,Hart Ltd,Tech,Tech,1840 Sanders Flats Suite 632,North Katherineton,WV,28613
411,Adams-Rodriguez,Manufacturing,Manufacturing,64376 Carney Views,Andrewside,FM,89416
412,Martinez-Robles,Retailer,Retail,5444 Christian Plaza,Garrettmouth,NE,52330
413,Wilson-Evans,Tech,Tech,46949 Joanne Rapid,Wallaceshire,WI,15091
414,Rogers Inc,Manufacturing,Manufacturing,89871 Natalie Bypass Apt. 553,North Cheryl,KY,83518
415,Anderson LLC,Retailer,Retail,306 Paul Plaza Apt. 705,Justintown,OK,11379
416,Mendoza and Sons,Tech,Tech,52948 Keller Spur Suite 060,East Jennaside,FM,42019
417,"Walls, Holt and Harrison",Manufacturing,Manufacturing,59432 Coleman Isle,Thompsonland,OR,68323
418,Randolph and Sons,Retailer,Retail,3703 Weaver Mall Suite 439,Michaelmouth,WI,13520
419,Thompson-Kemp,Tech,Tech,054 Kristi Stravenue,Bensonport,AL,98860
420,Phillips Group,Manufacturing,Manufacturing,293 Douglas Hollow Apt. 440,Lake Nicole,PR,40769
421,Huff-Hernandez,Retailer,Retail,2276 Hernandez Green,Elizabethland,WA,79756
422,Nelson-Crawford,Tech,Tech,3551 Austin Shores Suite 657,Johnsonbury,FM,65900
423,"Beard, Luna and Benson",Manufacturing,Manufacturing,58432 Martinez Viaduct,West Lori,IL,47920
424,Murphy LLC,Retailer,Retail,878 Kim Mill Suite 217,Wilsonport,TN,93303
425,Bailey-Fields,Tech,Tech,95699 Gina Trafficway,Emilyburgh,VA,00714
426,Brock PLC,Manufacturing,Manufacturing,79346 James Light,New Patrickside,NC,09826
427,"Benson, Pratt and Foster",Retailer,Retail,3773 Turner Drives,North Thomas,IL,50148
428,Stevens Group,Tech,Tech,952 Jones Pike Suite 655,Kaneberg,MI,03531
429,Walters Ltd,Manufacturing,Manufacturing,086 Jones Neck,Nicolestad,CA,91538
430,Black Group,Retailer,Retail,655 Mackenzie Lodge Apt. 607,Port Lee,DE,28955
431,"Christian, Johnson and Johnson",Tech,Tech,6097 Gonzales Avenue Apt. 181,South Emilyfurt,MS,37061
432,Davis PLC,Manufacturing,Manufacturing,6745 Hill Springs,Courtneyside,AZ,31591
433,"Calderon, Mitchell and Burns",Retailer,Retail,91866 Taylor Crescent,Port Ruth,TN,23704
434,"Olson, Cunningham and Stewart",Tech,Tech,3318 Quinn Corner Apt. 295,Elizabethborough,CO,70355
435,"Collier, Hernandez and Khan",Manufacturing,Manufacturing,7930 John Glens,Marcusmouth,CT,78945
436,Hill-Keith,Retailer,Retail,0252 Schmidt Park,Port Jessica,NE,90686
437,Ramirez and Sons,Tech,Tech,0182 Reynolds Ranch,South Stephanie,KY,97659
438,Dunn Inc,Manufacturing,Manufacturing,00630 Martin Gateway Suite 029,Lindsayville,IN,48007
439,Smith-Ball,Retailer,Retail,3738 Rodriguez View,New Ryan,PR,94411
440,Kline and Sons,Tech,Tech,5652 Marissa Highway,Cathyborough,NJ,83176
441,Gomez PLC,Manufacturing,Manufacturing,3944 Diana Springs,Waltonview,NY,52335
442,Moore Inc,Retailer,Retail,050 Mackenzie Mountain,Adamburgh,TN,70374
443,"Robles, Carter and Brown",Tech,Tech,62567 Monique Lakes Apt. 845,New Tiffanybury,PR,72853
444,Thompson Ltd,Manufacturing,Manufacturing,38960 Katrina Square,Larsonshire,MS,68145
445,Adams-Green,Retailer,Retail,211 Robert Road Apt. 368,North Garyview,CA,78205
446,"Jackson, Burke and Williams",Tech,Tech,102 Weeks Crest Apt. 998,Jenkinschester,ME,20212
447,Gonzalez-Green,Manufacturing,Manufacturing,400 Cooper Way,New Royfurt,AK,35500
448,Gonzalez Inc,Retailer,Retail,0213 Lambert Isle,Jonesview,DE,78814
449,"White, Mcmillan and Nguyen",Tech,Tech,54755 Jones Curve Suite 016,Edwardsfort,RI,22986
450,"Kennedy, Porter and Baxter",Manufacturing,Manufacturing,867 Kari Stream,Alexandraton,AS,27012
451,Harper PLC,Retailer,Retail,62143 Gordon Causeway Suite 805,Elijahtown,FM,44858
452,Stevenson and Sons,Tech,Tech,42339 Williams Stravenue Apt. 502,Jamesmouth,IL,03817
453,"Spencer, Turner and Brooks",Manufacturing,Manufacturing,7827 Barrett Ramp Suite 053,Jenniferview,VT,41194
454,Galloway Ltd,Retailer,Retail,7822 Tricia Viaduct Suite 434,Jonesberg,UT,10557
455,Wilson PLC,Tech,Tech,27774 Alexander Hollow Suite 835,Angelaton,TX,32748
456,"Thompson, Watkins and Graham",Manufacturing,Manufacturing,52773 Jessica Fork Apt. 614,East Katherineview,MN,76902
457,Grant-Gilbert,Retailer,Retail,87556 Christopher Coves,South Debra,AS,07649
458,"Smith, Gray and Prince",Tech,Tech,62962 Salazar Stravenue Apt. 437,Lake Stacy,NC,79224
459,Martin Group,Manufacturing,Manufacturing,479 Ashley Cove,North Brian,PA,75064
460,"Smith, Davis and Walsh",Retailer,Retail,519 Elizabeth Courts,East Fred,IA,80839
461,Austin Inc,Tech,Tech,271 Mason Valleys Apt. 701,New Claire,CO,82185
462,Ray-Rodgers,Manufacturing,Manufacturing,96202 Smith Wells,Joneston,ND,83555
463,Barnes-Rocha,Retailer,Retail,13931 Bailey Crossroad Suite 999,Michaelshire,CT,41303
464,Green-Morgan,Tech,Tech,6125 Love Springs Apt. 553,Port Amanda,NM,18044
465,Molina and Sons,Manufacturing,Manufacturing,98032 James Ranch Apt. 122,Danielleland,KS,16643
466,Rogers Ltd,Retailer,Retail,991 Amy Unions Apt. 213,New Ashley,IA,75921
467,Cook-Morales,Tech,Tech,38745 White Parks,Port Debbie,CT,82504
468,Knapp Group,Manufacturing,Manufacturing,09545 Stephanie Mission,East Edwardstad,PW,87628
469,Blackwell Ltd,Retailer,Retail,126 Miller Estates,Jeremyview,TX,84422
470,"White, Thompson and Bennett",Tech,Tech,920 Corey Course Suite 463,Turnershire,CT,05909
471,Mcclain PLC,Manufacturing,Manufacturing,8010 Thomas Course Suite 332,North Jamie,MI,77683
472,"Dean, Kirby and Simmons",Retailer,Retail,80624 Williamson Vista,North Christopherport,NE,85962
473,Valenzuela-Delgado,Tech,Tech,21092 Holloway Cliff,Zunigaside,UT,19904
474,Schneider-Brady,Manufacturing,Manufacturing,076 Kiara Drives,New Nicole,CO,80891
475,Rogers Group,Retailer,Retail,79666 Bates Ridge,Port Crystalbury,SC,33525
476,Moore PLC,Tech,Tech,38574 Holt Court Apt. 671,West Kyle,MD,39858
477,"Mcclure, Hale and Moore",Manufacturing,Manufacturing,11148 Susan Row Apt. 813,Brooksstad,NV,34223
478,Myers-Clark,Retailer,Retail,485 Erik Ville Apt. 537,East Reginaburgh,KS,77522
479,"Rodriguez, Stephenson and Clayton",Tech,Tech,249 Jay Terrace,Melaniemouth,CO,86366
480,"Freeman, Fowler and Wilcox",Manufacturing,Manufacturing,678 Dale Ridge Suite 805,Maybury,MN,71507
481,"Smith, Thomas and Hicks",Retailer,Retail,207 Fernandez Dale,South Patricia,ME,67772
482,"Morales, Clark and Camacho",Tech,Tech,116 Jennifer Skyway Apt. 398,Port Heidiland,IN,17252
483,"Monroe, Bradford and Goodman",Manufacturing,Manufacturing,20475 Timothy Stravenue Apt. 234,North Shawnberg,CT,39125
484,"Reid, Harrison and Sherman",Retailer,Retail,8093 Barnett Ridge,Craigtown,LA,02480
485,"Mercer, Harris and Ramsey",Tech,Tech,9007 Natasha Village Apt. 865,North Cynthia,KY,41702
486,Bell-Armstrong,Manufacturing,Manufacturing,6402 Ferguson Spur Apt. 199,South Robert,AR,48581
487,"Paul, Cisneros and Jones",Retailer,Retail,20715 Michael Cliff,Port Kristinview,TN,31759
488,Maldonado-Kelly,Tech,Tech,464 Nathan Tunnel Apt. 074,Gutierrezfurt,MN,36473
489,Miles-Jackson,Manufacturing,Manufacturing,114 Sherry Fork Apt. 713,Austinchester,WV,87725
490,"Gomez, Choi and Reyes",Retailer,Retail,23113 Adams Causeway Suite 837,East Michelleshire,WY,78644
491,Conner-Strong,Tech,Tech,8775 Saunders Canyon,North Codystad,TX,84460
492,Allen-Roy,Manufacturing,Manufacturing,4349 Nash Isle,Taylorstad,ND,95004
493,Schaefer-Ramirez,Retailer,Retail,105 Edwards Bypass Apt. 062,Shellyton,AL,75117
494,Copeland-Ramirez,Tech,Tech,021 Gilbert Dale Apt. 298,New Brittany,AZ,98716
495,Sharp PLC,Manufacturing,Manufacturing,1632 Stevens Drive,New Sydney,NH,59546
496,Stone-Foley,Retailer,Retail,139 Fleming Court,Johnhaven,SD,59595
497,"Harris, Campbell and Jordan",Tech,Tech,07236 Alice Forges Apt. 001,Lake Jessestad,SC,87794
498,Bradford-Lindsey,Manufacturing,Manufacturing,1062 Nancy Center Suite 416,Barnesbury,TN,52664
499,"Wiggins, Price and Weiss",Retailer,Retail,5535 Mary Plains,Sheppardton,NV,68540
500,Hall-Branch,Tech,Tech,5358 Paul Fork Apt. 930,Bryanmouth,PW,62928
501,"Cook, Spencer and Taylor",Manufacturing,Manufacturing,41309 Wright Green Apt. 112,Anthonyborough,MI,57129
502,Decker PLC,Retailer,Retail,37374 David Drives Suite 047,New Jennifer,MH,44923
503,Leon-Walker,Tech,Tech,49926 Matthew Drive Suite 169,Joytown,OR,64254
504,"Kline, Gutierrez and Morris",Manufacturing,Manufacturing,7188 Snyder Manor,South Ashleybury,AR,88338
505,Jacobs Inc,Retailer,Retail,87292 Jeremy Green Suite 437,North Laurenberg,NE,06471
506,Thomas LLC,Tech,Tech,69915 Michael Coves Apt. 526,North Kara,CO,50947
507,"Hill, Ayala and Jackson",Manufacturing,Manufacturing,249 Christina Circles,Pamelaview,OR,06403
508,"Brewer, Bennett and Perez",Retailer,Retail,98496 Campbell Pines Suite 578,Port William,CT,32055
509,Dorsey LLC,Tech,Tech,1876 Hammond Radial Apt. 326,Annamouth,UT,58228
510,"Norman, Payne and Terry",Manufacturing,Manufacturing,52441 Sonia Trail Apt. 424,West April,DE,56679
511,Cummings Ltd,Retailer,Retail,92818 Stein Green,North Timothy,KY,17144
512,Sanchez-Frank,Tech,Tech,05600 Hector Tunnel Suite 128,East Davidfort,DC,49915
513,Frey-Chase,Manufacturing,Manufacturing,73850 Hunter Tunnel,North Victoriabury,KS,47241
514,Aguirre PLC,Retailer,Retail,56910 Adam Harbor Apt. 863,Annabury,GA,99746
515,Jones-Butler,Tech,Tech,810 Lisa Isle,Higginsfort,OH,09764
516,"Bradley, Pierce and Dunlap",Manufacturing,Manufacturing,4961 Roy Loop Suite 063,Michaelstad,RI,53989
517,Nolan-Garcia,Retailer,Retail,0080 Nelson Squares Suite 838,West Natasha,CA,54077
518,Preston-Saunders,Tech,Tech,998 Sarah Squares Apt. 773,West Melanieview,CT,96264
519,Warner-Dominguez,Manufacturing,Manufacturing,56516 Bernard Summit Suite 724,New Christinashire,GA,21989
520,Johnson Group,Retailer,Retail,08168 Hickman Forest Apt. 467,East Brittanystad,CO,31346
521,Hammond and Sons,Tech,Tech,557 Smith Squares Apt. 868,Michaelfort,VI,06228
522,Love-Sims,Manufacturing,Manufacturing,544 Smith Stravenue Suite 553,Sullivanstad,UT,38316
523,Harris PLC,Retailer,Retail,217 Gaines Station,Port Brittany,IL,74639
524,"Allen, Cabrera and Sheppard",Tech,Tech,7346 Bobby Meadows,Lauraside,IA,08159
525,"Delgado, Taylor and Johnson",Manufacturing,Manufacturing,9201 Timothy Corner Suite 662,Jermainebury,OH,86413
526,Scott-Wagner,Retailer,Retail,9951 Ricky Mount Apt. 653,Rothview,AK,69741
527,Castro-Hill,Tech,Tech,157 Smith Drive Suite 262,New Michellestad,VT,98063
528,Mathis-Curtis,Manufacturing,Manufacturing,22276 Williamson Square Apt. 016,Butlerville,NM,09600
529,"Wise, Gomez and Anderson",Retailer,Retail,1402 Robbins Road,Stouttown,TN,83988
530,"Nguyen, Brown and Anderson",Tech,Tech,424 Robin Club Suite 829,East Kennethburgh,ME,41659
531,Simmons and Sons,Manufacturing,Manufacturing,12419 Walker Roads,Kellerborough,NY,88263
532,Murphy Inc,Retailer,Retail,3269 Pugh Garden,New Kyle,AR,53348
533,"Miller, Torres and Wright",Tech,Tech,5986 Perez Loop,Gutierrezstad,CO,53427
534,Daniels Group,Manufacturing,Manufacturing,9776 Hopkins Forest,New Bethmouth,OK,28789
535,Watts Inc,Retailer,Retail,6881 Randall Hills Apt. 108,Erikaborough,ME,14367
536,Johnson-Vazquez,Tech,Tech,367 Michael Locks Apt. 404,Parkerbury,TX,31312
537,"Lee, Rogers and Wright",Manufacturing,Manufacturing,3869 Woodward Extension Apt. 135,Costaview,SD,40775
538,Garcia and Sons,Retailer,Retail,93560 Lee Mill Apt. 747,East Lucas,SC,45104
539,Johns Inc,Tech,Tech,340 Brandon Spur Apt. 820,Melanieburgh,CT,67424
540,"Chavez, Riggs and White",Manufacturing,Manufacturing,70083 Gonzalez Forks Apt. 197,Coxton,ND,25019
541,Allen Inc,Retailer,Retail,738 Danielle Harbors Suite 461,West Dominiqueville,MT,79258
542,Romero PLC,Tech,Tech,30402 Forbes Highway Apt. 266,East Kristinahaven,IN,04456
543,Harrison-Krause,Manufacturing,Manufacturing,76392 Anderson Walks Apt. 657,North Alexander,MA,54839
544,Zuniga-Lopez,Retailer,Retail,39624 Todd Valleys,Hartmanfurt,VT,81220
545,Diaz-Wilson,Tech,Tech,09805 Taylor Passage Suite 360,Gonzalezside,OH,08045
546,"Larson, Alexander and Lopez",Manufacturing,Manufacturing,1254 Samuel Mews,West Robertview,MH,59982
547,"Hunt, Curry and Hopkins",Retailer,Retail,06067 Christopher Islands Suite 274,South Alexander,NE,99278
548,Willis LLC,Tech,Tech,7642 Tammy Keys,Herreraborough,SC,42195
549,Chandler-Harper,Manufacturing,Manufacturing,02995 Mary Ridge,North Johnny,NE,64208
550,Carroll Ltd,Retailer,Retail,41674 Sanchez Isle,East Catherinefort,VA,84853
551,Maxwell LLC,Tech,Tech,2133 Melissa Islands,Joyceborough,MO,30283
552,"Christian, Riddle and Grant",Manufacturing,Manufacturing,531 Wall Spur Apt. 291,Lake Becky,MP,39666
553,Peterson-Young,Retailer,Retail,0660 Smith Row Suite 061,Patrickville,GA,04714
554,Ruiz LLC,Tech,Tech,02454 Jacob Club,Christopherville,DE,90344
555,Glenn Ltd,Manufacturing,Manufacturing,6754 Ryan Ridges Apt. 412,Jimenezmouth,DE,50723
556,"Oneal, Diaz and Morrison",Retailer,Retail,7926 Brandi Pine,Elizabethbury,CO,00926
557,"Thompson, Shepherd and Cole",Tech,Tech,8654 Donald Forges,Lake Thomasville,ME,58699
558,Andersen Group,Manufacturing,Manufacturing,832 Jacob Isle,Arellanoborough,SC,84372
559,"Fuentes, Moore and Bruce",Retailer,Retail,74246 Valerie Lane,South Matthew,OH,35763
560,"Ramos, Stout and Hernandez",Tech,Tech,0961 Yoder Fields,Tammyshire,NM,55093
561,Lee and Sons,Manufacturing,Manufacturing,4348 Robert Mountains Suite 653,Lake Deborah,MS,22383
562,"Kelley, Miller and Lewis",Retailer,Retail,0387 Christina Shores Suite 370,North Dorisfurt,HI,58840
563,Watts PLC,Tech,Tech,4833 Foster Parks,West Laurachester,FM,65157
564,Day-Huffman,Manufacturing,Manufacturing,055 Brown Course Suite 515,Taylorborough,TN,08548
565,Bailey Group,Retailer,Retail,3790 Ernest Manors Apt. 783,Michealfort,PR,74298
566,"Watkins, Gutierrez and Moore",Tech,Tech,32201 Susan Circles Apt. 095,South Stevenport,FL,96852
567,Mclean LLC,Manufacturing,Manufacturing,08804 Paige Union Suite 917,Emilyborough,GA,20606
568,"Thompson, Diaz and Anderson",Retailer,Retail,7103 Warren Court,Lake Nancy,SD,51444
569,Graham Group,Tech,Tech,7665 Taylor Park Apt. 096,Port Steven,MA,87216
570,Mathews-Gutierrez,Manufacturing,Manufacturing,870 Carol Via,North Sean,NY,91276
571,"Thomas, Carson and Cruz",Retailer,Retail,274 Justin Way,South Kevin,VA,70854
572,"Potts, Bradley and Burns",Tech,Tech,33134 James Parkways,East Davidchester,NM,97615
573,"Garcia, Chaney and Barry",Manufacturing,Manufacturing,10616 Rebecca Neck,Seantown,RI,44315
574,Adams Inc,Retailer,Retail,4533 Jacqueline Causeway,Jeffreymouth,VA,07166
575,Wolf-Horton,Tech,Tech,932 Jenny Plain Suite 989,Erinshire,MH,62878
576,Klein-Sims,Manufacturing,Manufacturing,58530 Gill Estates Apt. 797,Kevinview,AR,47295
577,Stevens and Sons,Retailer,Retail,61627 Richard Circles Suite 154,Port Frank,WI,24806
578,Massey-Ruiz,Tech,Tech,85849 Carol Mews,Pageton,OR,29501
579,Hunter Ltd,Manufacturing,Manufacturing,77260 Swanson Vista,Lake Justintown,VI,24357
580,"Sullivan, Simon and Davis",Retailer,Retail,41757 Garza Expressway,Lake Debbie,FM,01293
581,Le-Cruz,Tech,Tech,3644 Alicia Harbors,Travisport,AZ,02322
582,"Prince, Jackson and King",Manufacturing,Manufacturing,93624 Donovan Stream,Jonesville,MT,50919
583,Allen Group,Retailer,Retail,2913 Melton Summit Suite 540,Richardsonstad,MT,63180
584,Jacobs-Robinson,Tech,Tech,864 Kenneth Valley Apt. 370,Careyshire,NM,32869
585,Ferguson-Harding,Manufacturing,Manufacturing,3034 Little Heights,West Martinstad,TN,71608
586,Moore LLC,Retailer,Retail,2218 Bolton Row,New Alexandriashire,DC,28427
587,Rodriguez-Werner,Tech,Tech,2716 Clark Turnpike Suite 207,Port Joelbury,AR,64881
588,"Lewis, King and Baxter",Manufacturing,Manufacturing,80570 Cooper Station Suite 444,Rossmouth,AZ,24620
589,Stephens Group,Retailer,Retail,717 Mason Hollow Apt. 511,Lake Jeffrey,MS,80763
590,Hill-Crane,Tech,Tech,58506 Brittany Lock,South Adamtown,MI,06015
591,"Contreras, Lopez and Stewart",Manufacturing,Manufacturing,419 Wolfe Rapid,Nguyenstad,DC,93727
592,Weber-Carter,Retailer,Retail,501 Natalie Trafficway,Parrishshire,NC,17109
593,Evans-Wright,Tech,Tech,50348 Justin Lake Suite 066,Nicholashaven,MO,84435
594,Ward-James,Manufacturing,Manufacturing,5206 Robert Stravenue Suite 369,Howardstad,VT,23845
595,"Kennedy, Casey and Rivas",Retailer,Retail,912 Dawn Gateway Apt. 430,New Katieberg,PR,96350
596,Miles and Sons,Tech,Tech,5670 Zachary Landing,South Keith,AS,09351
597,Powell PLC,Manufacturing,Manufacturing,32060 Johnson Bridge,Timothyville,TN,53239
598,Murphy Inc,Retailer,Retail,98457 Rodriguez Well Apt. 325,Mendozafurt,AS,60731
599,"Williams, Sanchez and Oneal",Tech,Tech,6753 Robinson Well Suite 217,West William,WA,74088
600,Andrews-Sullivan,Manufacturing,Manufacturing,057 Sierra Crossing Apt. 856,North Williamport,OK,04748
601,Jones PLC,Retailer,Retail,1861 King Vista,East Sarah,NC,88788
602,Turner-Adkins,Tech,Tech,36615 Sean Orchard,North Joshuaberg,IA,90232
603,Bradley-Stewart,Manufacturing,Manufacturing,37610 Thompson Parks,Johnton,VT,49690
604,Morris Inc,Retailer,Retail,23342 Gilbert Port Apt. 391,North Travisview,WV,39235
605,Chavez-Johnson,Tech,Tech,7042 David Lane,North Alexhaven,FM,70997
606,"Mendez, Smith and Shepherd",Manufacturing,Manufacturing,378 Wade Square,Kimberlyland,MA,08310
607,Mitchell Group,Retailer,Retail,92972 Scott Viaduct Suite 046,Sparksmouth,AZ,73629
608,Porter PLC,Tech,Tech,821 Kelly Square,Elizabethshire,NE,35668
609,"Oneill, Taylor and Strong",Manufacturing,Manufacturing,234 Oconnor Dam,West Kristinaland,MN,14602
610,"Lopez, Young and West",Retailer,Retail,55486 Amanda Valleys,Sophiafurt,VT,64653
611,Herrera-West,Tech,Tech,45745 Michael Ford Suite 632,Ramirezville,AL,75895
612,Reilly and Sons,Manufacturing,Manufacturing,690 Morgan Highway,Lake Travisburgh,AZ,63317
613,"Wagner, Morales and Reed",Retailer,Retail,225 Samuel Fields Apt. 461,Josephburgh,MN,02668
614,"Pollard, Aguirre and Macias",Tech,Tech,3008 Sanders Roads Apt. 174,Bartletttown,IL,54692
615,Stevens and Sons,Manufacturing,Manufacturing,1050 Jackson Garden,Boltonland,CA,35408
616,Gonzalez-Grant,Retailer,Retail,8673 Pineda Extension Apt. 549,Brendamouth,PA,98223
617,"Maldonado, Soto and Moore",Tech,Tech,675 Warner Trail Apt. 430,West Cherylton,GU,65705
618,Moss Ltd,Manufacturing,Manufacturing,940 David Plains Suite 838,Lake Christopherfort,PR,76664
619,Michael Group,Retailer,Retail,46043 Brandy Junctions Suite 311,Lesliestad,VT,79171
620,"Phelps, Harrison and Chambers",Tech,Tech,166 Angela Avenue,Reyeshaven,IL,45123
621,Phillips and Sons,Manufacturing,Manufacturing,1863 Sarah Crest Apt. 939,West Katherineland,DC,28242
622,"Estrada, Smith and Cooper",Retailer,Retail,729 Joseph Pine,Leeburgh,OR,74893
623,Moore Ltd,Tech,Tech,78395 Rebecca Plaza,Brooketon,IA,48284
624,King Ltd,Manufacturing,Manufacturing,735 Morris Estates Suite 996,Fitzpatrickburgh,SD,71774
625,Perry LLC,Retailer,Retail,722 Micheal Orchard,Kathleenchester,WV,94070
626,"Mccarthy, Espinoza and Nicholson",Tech,Tech,55757 Brandt Center,Alvaradotown,FM,97477
627,Brown Inc,Manufacturing,Manufacturing,74070 Schmitt Extensions,Sydneychester,VI,18053
628,Turner Group,Retailer,Retail,74847 Moore Dale Suite 274,Grahamtown,PR,29110
629,Fleming-Ayers,Tech,Tech,1292 Christopher Manors,Janiceview,MO,63028
630,"Chavez, Dennis and Campos",Manufacturing,Manufacturing,8468 Atkins Trail Suite 481,Butlerstad,FM,33515
631,Vasquez-Velez,Retailer,Retail,59015 Barry Hills Suite 942,Annahaven,MN,69625
632,Robinson Ltd,Tech,Tech,419 Donald Dale,Blairbury,MO,52104
633,"Riddle, Cook and Beltran",Manufacturing,Manufacturing,7432 Nash Freeway,New Vanessaton,NE,27254
634,"Pham, Cisneros and Miles",Retailer,Retail,879 Douglas Lights,Jonathanshire,WA,04171
635,Rodgers PLC,Tech,Tech,89855 Velez Mountains Apt. 554,West Glennshire,UT,67834
636,Vasquez-Garza,Manufacturing,Manufacturing,223 Martin Lock Suite 475,West Kerryland,OK,56377
637,Russell-Castillo,Retailer,Retail,3311 Patrick Court,Petersonstad,NJ,98066
638,Herman-Pitts,Tech,Tech,457 Susan Well Apt. 113,East Emily,NM,12264
639,Boyd Inc,Manufacturing,Manufacturing,91601 Ferguson Walks,East Kimberlyport,MD,99713
640,"Fowler, Keller and Wright",Retailer,Retail,81878 Benjamin Crescent,Lake Nicole,VA,49064
641,Hester-Martinez,Tech,Tech,31191 Nelson Park,Shelleymouth,MP,29171
642,Baker-Payne,Manufacturing,Manufacturing,9583 Alvarado Common,New Sonyaview,AZ,43189
643,"Gross, Andersen and Allen",Retailer,Retail,9910 Ashley Forest Suite 777,South Dakota,OH,87447
644,"Lam, Pittman and Pittman",Tech,Tech,69049 Whitney Street Apt. 810,Port Jennifer,ID,77175
645,"Davis, Dixon and Wilson",Manufacturing,Manufacturing,5899 Cody Inlet,New Cameronstad,WY,93472
646,Davis and Sons,Retailer,Retail,82036 Smith Orchard,New Sheila,OK,42266
647,"Moore, Willis and Zimmerman",Tech,Tech,63865 Thomas Expressway,Port Josephchester,MH,64495
648,Whitehead-Ward,Manufacturing,Manufacturing,17018 Johnson Motorway,Amberchester,UT,53333
649,Fisher-Poole,Retailer,Retail,320 Tammy Views,Brownton,DE,36533
650,"Durham, Murphy and Johnson",Tech,Tech,35703 Wiggins Neck Suite 283,Drewmouth,VI,25002
651,Ortega LLC,Manufacturing,Manufacturing,899 Steven Locks,Lake Debra,HI,84323
652,Roth and Sons,Retailer,Retail,40139 Obrien Pike Suite 869,Caldwellchester,AL,30649
653,Cameron LLC,Tech,Tech,8489 Adkins Court,Warrenborough,AS,63740
654,"Shea, Holt and Flores",Manufacturing,Manufacturing,8021 Reynolds Turnpike,South Vincenthaven,TN,36572
655,"Farmer, Smith and Smith",Retailer,Retail,414 Gail Brook,Karinaton,OK,19954
656,"Yang, Miles and Robles",Tech,Tech,393 Mathis Points,Cookmouth,OK,19957
657,Donaldson and Sons,Manufacturing,Manufacturing,912 Roger Vista,Richardmouth,GA,64967
658,"Winters, Wong and Hunter",Retailer,Retail,013 Jones Hill Apt. 047,Lake Pamelaside,OK,79285
659,Hernandez Inc,Tech,Tech,932 Price Pass,East William,SD,67385
660,Ward Ltd,Manufacturing,Manufacturing,39519 Malone Ramp Apt. 314,Charlesbury,IA,44410
661,Elliott LLC,Retailer,Retail,1411 Shaffer Station Suite 613,Timothytown,WI,91834
662,Sanchez Inc,Tech,Tech,4667 Brittany Plains,Middletonberg,RI,36743
663,Moss Inc,Manufacturing,Manufacturing,543 Michael Manors Apt. 556,Crawfordtown,PW,14378
664,"Garcia, Griffin and Pena",Retailer,Retail,651 Moore Landing Suite 095,North Elizabethton,ME,71894
665,Thomas-Collier,Tech,Tech,6752 William Vista,New Philipchester,WY,57448
666,Jenkins-Cherry,Manufacturing,Manufacturing,9494 White Wells,Powellland,AZ,41206
667,Jones Group,Retailer,Retail,8696 Jennifer Dale,Jamesmouth,NE,64173
668,Gibson-Swanson,Tech,Tech,2190 Cohen Corners Suite 215,Lisaburgh,CA,89022
669,"Coffey, Bean and Stewart",Manufacturing,Manufacturing,201 Kristen View Apt. 643,Warrenville,WI,25426
670,Day-Rodriguez,Retailer,Retail,16784 Daniel Street Suite 966,Amyborough,MT,16334
671,Hall-Combs,Tech,Tech,30306 Erin Landing,New Sheilaberg,ND,68074
672,Powell PLC,Manufacturing,Manufacturing,47126 Brown Forges,New Barbara,IL,65887
673,Martinez LLC,Retailer,Retail,5568 Laura Prairie,East Michael,AZ,35214
674,Young PLC,Tech,Tech,4740 Ebony Ranch,Joneshaven,ID,98924
675,Maxwell-Johnson,Manufacturing,Manufacturing,54656 Andrea Drive,Port John,CA,30856
676,Heath-Sweeney,Retailer,Retail,07708 Barbara Drive Suite 840,Ericksonview,WA,08064
677,Williams PLC,Tech,Tech,2674 Taylor Trail,Lake Michael,WV,09118
678,"Baker, Adams and Martin",Manufacturing,Manufacturing,5148 Cervantes Spring Apt. 400,Lake Rebecca,MN,31221
679,"Rangel, Warren and Miller",Retailer,Retail,874 Christina Center Suite 202,New Yvonne,RI,54706
680,Wood-Lara,Tech,Tech,3269 James Branch Apt. 130,Jeanetteton,AK,79883
681,Mitchell-Ortega,Manufacturing,Manufacturing,1646 Robert Union,Charlesburgh,GA,14199
682,Taylor Inc,Retailer,Retail,827 Brandi Cliff Suite 582,Staceyview,PR,09388
683,Smith Inc,Tech,Tech,62691 Robertson Lodge Suite 877,Wardmouth,SD,33297
684,Patel and Sons,Manufacturing,Manufacturing,526 Michael Meadow Apt. 742,Johnsonbury,FL,37236
685,"Rivera, Weeks and Melendez",Retailer,Retail,133 David Valley,Lake Joanna,ID,98010
686,Martinez-Foster,Tech,Tech,4389 Lozano Hills Apt. 261,Clintonville,UT,23511
687,Reeves-Murphy,Manufacturing,Manufacturing,57272 Ho Freeway,East Lucaston,PR,41332
688,White Group,Retailer,Retail,8070 Thomas Curve,North Summerchester,ME,39548
689,"Roberson, Mcintyre and Cook",Tech,Tech,69256 Danielle Glens Apt. 585,Schultzton,MN,11839
690,Martinez-Reyes,Manufacturing,Manufacturing,36191 Williams Square,East Jeffrey,IA,13297
691,Sanchez-Martinez,Retailer,Retail,98329 Strickland Union Apt. 286,North Matthewmouth,ID,35224
692,"Campbell, Campbell and Mitchell",Tech,Tech,87618 Lonnie Forest Apt. 248,Johnsonhaven,CA,01057
693,Chambers-Moss,Manufacturing,Manufacturing,86362 Amanda Brooks,New Ryanborough,MS,17790
694,"Duran, Olson and Rice",Retailer,Retail,80320 Ashley Burgs,Daniellefort,HI,72864
695,Collins Inc,Tech,Tech,26171 Cantrell Knolls,Lake Shawnville,DC,89550
696,Morris-Sanders,Manufacturing,Manufacturing,048 Amanda Burgs Apt. 367,Victoriabury,MH,75634
697,"Wilson, Adams and Smith",Retailer,Retail,59564 Green Passage,Sullivanborough,HI,33399
698,Holder Ltd,Tech,Tech,40837 Melissa Alley Apt. 933,Diazport,WV,22005
699,Jordan-Lam,Manufacturing,Manufacturing,1215 Andrea Drives Apt. 638,Callahanborough,HI,07824
700,Martin Inc,Retailer,Retail,4965 Ibarra Pines Apt. 842,East Amanda,WV,89600
701,"Shields, Allen and Riddle",Tech,Tech,45004 Patrick Crescent,Port Christopherport,RI,20060
702,"Peterson, Lowe and Richmond",Manufacturing,Manufacturing,95007 Johnson Views Suite 592,West Michaelside,LA,33361
703,Thompson Group,Retailer,Retail,697 Dylan Wells Suite 660,West Tonyachester,MO,61717
704,Hudson-Patel,Tech,Tech,9242 Jodi Trafficway Suite 103,South Tiffany,CA,03923
705,"Wheeler, Hutchinson and Le",Manufacturing,Manufacturing,731 Courtney Center,Weberside,MD,20007
706,Ramos Inc,Retailer,Retail,3798 Dudley Circle,South James,NC,92664
707,Harper Ltd,Tech,Tech,122 Melinda Viaduct Suite 418,Muellerberg,ME,55488
708,Harris-Ramirez,Manufacturing,Manufacturing,991 Toni Manor Suite 341,East Amanda,PA,15766
709,Gibson-Buchanan,Retailer,Retail,256 Richard Field Apt. 717,Michaelshire,NV,53014
710,"Brown, Miller and Miller",Tech,Tech,420 Jesus Tunnel Apt. 696,Port Leslieberg,FL,50021
711,"Adams, Davis and Reyes",Manufacturing,Manufacturing,55785 Pierce Junction Apt. 231,Laurenberg,CA,20006
712,"Curry, Crawford and Collins",Retailer,Retail,95705 Kayla Mills,Lake Jacqueline,PA,86899
713,Garza-Lucas,Tech,Tech,90943 Gilmore Glens,Gabriellestad,OH,26437
714,"Rodriguez, Alexander and Chapman",Manufacturing,Manufacturing,70601 Blake Key Suite 787,Millershire,HI,23240
715,Wallace and Sons,Retailer,Retail,510 Christopher Shoal Apt. 216,West Sean,ME,97932
716,Mills PLC,Tech,Tech,044 Branch Prairie Suite 453,Marvinbury,NH,06641
717,Osborne LLC,Manufacturing,Manufacturing,554 Mills Station,Elizabethborough,ID,23151
718,White Ltd,Retailer,Retail,8282 Melissa Fords Suite 960,Crawfordberg,MP,02676
719,"Howard, Thomas and Garcia",Tech,Tech,727 Karen Summit,Teresaburgh,NV,27729
720,Hill-Gonzalez,Manufacturing,Manufacturing,533 Kristine Station Apt. 933,Garciaview,MD,93630
721,"Smith, Jimenez and Griffin",Retailer,Retail,315 Strong Plains Suite 809,East Jenniferton,AZ,59903
722,Mcmahon-Davis,Tech,Tech,6604 Morrison Junctions,Gordontown,DC,50604
723,Reed-Mann,Manufacturing,Manufacturing,7117 Brandi Valleys,Lake Jonathanbury,MO,11106
724,Tucker-Hernandez,Retailer,Retail,2052 Aaron Fields,North Ellentown,MP,88080
725,"Harris, Robinson and Horne",Tech,Tech,84266 Catherine Ridge Apt. 734,Douglasbury,OH,40787
726,"Mason, Nelson and Bates",Manufacturing,Manufacturing,073 Deanna Spurs,Lake Natasha,GU,88917
727,Mcgee PLC,Retailer,Retail,70123 Derrick Burgs Apt. 458,North Stephanie,CT,83072
728,"Carney, Mora and Johnson",Tech,Tech,237 Todd Shoal Suite 919,New Natashabury,PA,75804
729,Watson PLC,Manufacturing,Manufacturing,8950 Clayton Row Suite 746,New Julietown,MI,01404
730,Adams and Sons,Retailer,Retail,100 Hall Trail,Emilyfort,MI,07154
731,"Gaines, Wilson and Stevens",Tech,Tech,61587 Brandy Plains Apt. 333,Parrishchester,NC,27317
732,"Moore, Martin and Martinez",Manufacturing,Manufacturing,96490 Hughes Forest Suite 856,South Lisashire,VA,42488
733,"Sherman, Avila and Carpenter",Retailer,Retail,46233 Jordan Squares Apt. 832,Brownberg,MP,75169
734,Mendez-Simon,Tech,Tech,5481 Ashlee Green,Port Chelsea,NC,23726
735,Shelton Ltd,Manufacturing,Manufacturing,3465 Donna Station,Darrentown,CO,10228
736,"Mason, Garza and Sanchez",Retailer,Retail,821 Antonio Ramp Apt. 463,Douglasborough,WV,36316
737,"Lucas, White and Willis",Tech,Tech,43502 Scott Forges Suite 816,Harperborough,MT,54767
738,"Bridges, Kidd and Rivera",Manufacturing,Manufacturing,787 Meyer Expressway,North Devon,VA,09863
739,Gilbert Inc,Retailer,Retail,523 Daniel Courts Suite 249,Glennside,AZ,11473
740,"James, Logan and Marsh",Tech,Tech,3041 Renee Gateway,Swansonbury,AZ,78632
741,Anthony-Cook,Manufacturing,Manufacturing,67375 Clarke Views Suite 488,Besthaven,DE,34968
742,Howell-Murphy,Retailer,Retail,82315 Elizabeth Drives,Port Christopher,KS,28688
743,"Shepherd, Travis and Cook",Tech,Tech,26692 Mark Fields,West Jacob,WI,37461
744,Luna-Marshall,Manufacturing,Manufacturing,82979 Andrew Route Apt. 149,Gonzaleschester,PR,30388
745,"Powell, Morris and Guzman",Retailer,Retail,026 Brown Summit,Youngshire,NY,30942
746,Hernandez Group,Tech,Tech,11274 Brent Isle Suite 305,North Albertberg,VA,09725
747,"Bartlett, Mccarthy and Hamilton",Manufacturing,Manufacturing,39525 Smith Estates Suite 253,East Martinmouth,IN,27543
748,Nguyen-Mann,Retailer,Retail,0988 Andrew Radial Apt. 997,Hallchester,WV,78357
749,"Roberts, Hull and Owens",Tech,Tech,0961 Amanda Cliffs Apt. 353,Tabithaland,MA,51808
750,Hansen PLC,Manufacturing,Manufacturing,54187 Fuller Points Suite 878,Adamburgh,MT,19224
751,"Young, Richardson and Park",Retailer,Retail,90361 Williams Walk Apt. 238,Adamside,PW,23084
752,Gomez-Bailey,Tech,Tech,279 Leslie Estates Suite 364,North Alexandra,IL,16102
753,Henson Group,Manufacturing,Manufacturing,286 Adkins Mount Suite 837,Michaelshire,WA,34459
754,Hill Inc,Retailer,Retail,266 Barbara Run Apt. 122,Lake Juliaberg,MI,50697
755,"Hall, Stevenson and Gonzalez",Tech,Tech,514 Johnson Valleys Suite 361,Guzmanhaven,NJ,68910
756,Johnson-Hanson,Manufacturing,Manufacturing,97825 Chen Loop Suite 723,New Claytonville,MT,58713
757,Allen Group,Retailer,Retail,4958 Hampton Harbors Suite 837,Ramseyport,RI,43424
758,Fernandez and Sons,Tech,Tech,2524 Blanchard Roads Suite 088,West Latoya,GU,19103
759,Gutierrez-Nichols,Manufacturing,Manufacturing,78851 James Way,Rollinsbury,MP,55665
760,Khan-Novak,Retailer,Retail,42006 Tyler Tunnel Apt. 801,Campbellport,WV,33009
761,Wilson-Reeves,Tech,Tech,484 Allen Lock Suite 502,Russellberg,RI,86748
762,"Larson, Black and Cox",Manufacturing,Manufacturing,85910 James Ford,New Gloriashire,MT,98416
763,Davidson Ltd,Retailer,Retail,4221 Blackburn Ranch,West Travistown,AL,35595
764,Armstrong Inc,Tech,Tech,243 James Fords Suite 290,South Catherinefurt,TX,73547
765,"Snow, Hebert and Reid",Manufacturing,Manufacturing,4815 Shaffer Drive Suite 687,East John,MI,07523
766,Chaney Ltd,Retailer,Retail,1608 Mary Keys Suite 310,North Kevin,WV,59253
767,Cunningham Group,Tech,Tech,79875 Salas Pass,Johnsonville,AR,46914
768,Moore-Black,Manufacturing,Manufacturing,9753 Martinez Crescent Apt. 416,South Lauren,KY,50823
769,Watts-Davis,Retailer,Retail,253 James Rest Suite 125,New Patricia,ME,58488
770,"Arnold, Allen and Gonzalez",Tech,Tech,6814 Munoz Grove Suite 750,New Dawnborough,TX,97656
771,Marsh PLC,Manufacturing,Manufacturing,3308 Wayne Village,Lake Megan,NC,11799
772,Curtis and Sons,Retailer,Retail,5853 Campbell Ports Apt. 430,East Michael,PW,96881
773,Wilson Inc,Tech,Tech,470 Pineda Roads Suite 732,Daughertyside,TN,96128
774,Summers-Franklin,Manufacturing,Manufacturing,212 Howard Mall Suite 267,New Antonioburgh,WY,32076
775,Owens Inc,Retailer,Retail,740 Denise Shoals,Duarteport,NV,53523
776,Caldwell-Watson,Tech,Tech,241 Shelly Turnpike Suite 321,Jamestown,OR,88706
777,Hayes Inc,Manufacturing,Manufacturing,11718 Johnson Coves,Lake Scott,FL,66377
778,Petersen LLC,Retailer,Retail,97964 Madison Circle Suite 434,Williamburgh,VA,08473
779,Wilkins-Ford,Tech,Tech,685 Lance Crossroad Apt. 815,Youngshire,AK,61806
780,Gallagher Inc,Manufacturing,Manufacturing,68938 Gilbert Village,North Ricardoberg,VI,24270
781,"Ward, Beck and Logan",Retailer,Retail,716 Michael Station,South Mark,AK,56065
782,Moreno-Kaufman,Tech,Tech,0858 William Spring,North Kelly,AK,97740
783,Padilla-Browning,Manufacturing,Manufacturing,7110 Berry Skyway Apt. 253,North Jessica,WA,03687
784,"Roberts, Hanson and Herman",Retailer,Retail,268 Melendez Valleys Suite 274,Singhmouth,NY,73795
785,"Jacobs, Carson and Martinez",Tech,Tech,48198 Phillips Ford Apt. 756,Port Marthaside,WI,91738
786,Hughes-Fisher,Manufacturing,Manufacturing,6386 Jones Extensions Apt. 804,Cassandrafort,VA,88661
787,"Bryant, Jones and Carter",Retailer,Retail,116 Lindsay Islands Apt. 372,North Marychester,TN,38080
788,Dougherty LLC,Tech,Tech,054 David Isle Apt. 834,Douglasshire,CO,86745
789,Livingston-Rodriguez,Manufacturing,Manufacturing,492 Macdonald Pine Apt. 379,Williamborough,AL,09014
790,Johnson-Morrow,Retailer,Retail,2540 Daniel Islands,North Erin,MP,01857
791,Scott-Edwards,Tech,Tech,469 Ann Parks Suite 971,Anthonychester,OR,27909
792,Flores LLC,Manufacturing,Manufacturing,023 Tony Passage,East Jenniferview,OR,52749
793,"Mcdowell, Hawkins and Cox",Retailer,Retail,862 Bell Corners Apt. 574,Kingmouth,VA,14468
794,"Kelly, Mueller and Miller",Tech,Tech,085 Derek Extensions,Toddville,DE,83730
795,"Gilbert, Brown and Diaz",Manufacturing,Manufacturing,8638 William Trafficway,Poolefurt,MT,12255
796,"Sawyer, Gill and Parks",Retailer,Retail,7565 Joseph Groves Apt. 804,Lake Laurenborough,MS,05914
797,Faulkner-Williams,Tech,Tech,545 Catherine Expressway,Jasminechester,OK,90485
798,"Spencer, Santiago and Christian",Manufacturing,Manufacturing,863 Laura Stravenue,Port Steven,NC,99721
799,"Owen, Davis and Barrett",Retailer,Retail,65667 Joshua Plains Suite 726,Randyshire,MO,64182
800,Davenport PLC,Tech,Tech,5878 Smith Creek,East Evanhaven,AK,63392
801,Perez-Johnson,Manufacturing,Manufacturing,649 Henderson Route Suite 770,Johnside,WI,42873
802,"Flores, Acosta and Leonard",Retailer,Retail,984 Sweeney Locks Suite 616,Jamesstad,HI,31418
803,Schmidt LLC,Tech,Tech,424 Kelly Harbors,Davidtown,AS,48798
804,Williamson LLC,Manufacturing,Manufacturing,77861 Green Pike Suite 270,Griffithhaven,AZ,75717
805,Christensen-Hernandez,Retailer,Retail,1378 Alan Fords Apt. 051,Alejandrochester,MO,52016
806,Brooks LLC,Tech,Tech,7741 Cortez Corner,Alexburgh,DC,22659
807,Rodriguez LLC,Manufacturing,Manufacturing,9280 Julie Ridges,Frenchside,WV,56104
808,"Lane, Graham and Ochoa",Retailer,Retail,0195 Aaron Neck,Perrytown,MT,33886
809,Cook Group,Tech,Tech,15635 Christina Isle,Mccormickshire,VT,14846
810,"Silva, Norris and Daniels",Manufacturing,Manufacturing,297 Miller Passage,Allisonview,NH,47574
811,"Winters, Hawkins and Spears",Retailer,Retail,146 Porter Shoals Apt. 497,South Jessica,FM,89403
812,Sanchez-Vaughn,Tech,Tech,955 Perez Terrace Apt. 613,East Nicole,IA,51396
813,Hall PLC,Manufacturing,Manufacturing,1557 George Green Apt. 150,Lake Johnhaven,OH,79296
814,Moore Ltd,Retailer,Retail,72508 Garcia Lane,East Colleenhaven,MO,90904
815,Wilson-Walker,Tech,Tech,952 Steven Mission Apt. 826,Lake Jasminestad,SD,24578
816,Lara-Brown,Manufacturing,Manufacturing,559 Maddox Ridge,Gardnershire,SC,36588
817,"Howell, Walsh and Weaver",Retailer,Retail,5301 Megan Cliff,Rileyport,VI,10124
818,"Jenkins, Phillips and Sweeney",Tech,Tech,7780 Kidd Loaf,North William,WY,48493
819,Mcpherson-Alvarez,Manufacturing,Manufacturing,75649 Natasha Key Apt. 752,Barnettstad,MA,87601
820,Hammond Inc,Retailer,Retail,54465 Joy Loaf,New Audrey,ID,40929
821,"Mcbride, Smith and Mccarthy",Tech,Tech,632 Molina Flats,East Jamestown,MA,01237
822,Foster-Morris,Manufacturing,Manufacturing,4163 Jonathan Well,Lake Jenniferport,VI,22544
823,Nielsen LLC,Retailer,Retail,7535 Hanson Plain,Jessicaborough,MN,12859
824,"Rodriguez, Cole and Case",Tech,Tech,19909 Anthony Stravenue,Denisemouth,AK,69268
825,Dickerson LLC,Manufacturing,Manufacturing,758 Hernandez Loop,Chelseashire,KY,03136
826,"Stewart, Chaney and Mcintyre",Retailer,Retail,256 Graham Groves Suite 976,Port John,OH,50911
827,King Ltd,Tech,Tech,541 Bonilla Port,Stacyport,NH,05610
828,"Shelton, Spears and Hubbard",Manufacturing,Manufacturing,9237 Lopez Ways,West Kim,MD,93276
829,Jackson PLC,Retailer,Retail,623 Michael Fords,Lake Anthonyport,CA,76386
830,"Little, Brewer and Chang",Tech,Tech,7795 Johnson Islands Suite 064,East Scottbury,NC,98282
831,Perry Group,Manufacturing,Manufacturing,429 Michaela Highway,South Brianmouth,HI,91030
832,"Haney, Hernandez and Proctor",Retailer,Retail,8271 Sandra Squares Suite 805,Campbellfort,VT,23003
833,Hunter-Medina,Tech,Tech,30596 Jessica Turnpike Suite 815,Ellenberg,WA,51009
834,Robertson LLC,Manufacturing,Manufacturing,009 James Isle,New Jeremy,UT,06722
835,"Alvarez, Mckenzie and Sanchez",Retailer,Retail,69652 Khan Shoals,Suzanneberg,ID,27294
836,Bryant-Phelps,Tech,Tech,07764 Reynolds Rapids Suite 596,Henryside,NC,64816
837,Armstrong-Proctor,Manufacturing,Manufacturing,70040 Joshua Circles Apt. 217,South Kim,MA,42351
838,"Hernandez, Sims and Terrell",Retailer,Retail,980 Martin Mission Apt. 723,New Christinahaven,PA,38963
839,"Sanchez, Yoder and Evans",Tech,Tech,29346 Bean Passage,West Samantha,FL,59693
840,Powell Group,Manufacturing,Manufacturing,5182 Maria Passage,North Jeremyside,NV,33007
841,Hill-Elliott,Retailer,Retail,1143 Stevens Hill Apt. 850,Masonbury,UT,67907
842,"Harris, Martin and Oconnell",Tech,Tech,0245 Hughes Streets Suite 748,New Scott,MS,04450
843,"Johnson, Wells and Hardin",Manufacturing,Manufacturing,170 Martin Knoll,Walkermouth,AR,91191
844,Horn-Torres,Retailer,Retail,0607 Carter Ranch Suite 335,Lake Derrick,ND,54954
845,Cruz LLC,Tech,Tech,0242 Amanda Hollow Apt. 301,Lorrainestad,AR,03747
846,"Romero, Austin and Williams",Manufacturing,Manufacturing,1053 Morrison Mountain,Port Natalie,ID,65274
847,Fletcher Group,Retailer,Retail,147 Carl Port,Coryfort,PW,40488
848,"Charles, Johnson and Simon",Tech,Tech,48955 James Mountain Suite 725,Johnville,MN,32806
849,Ray and Sons,Manufacturing,Manufacturing,9467 Michael Heights,Samanthafurt,IN,93287
850,"Tyler, Jackson and Lewis",Retailer,Retail,7148 Lisa Locks Suite 026,Dixonburgh,ID,59061
851,Torres Group,Tech,Tech,81691 Hunt Squares,New Christina,WI,25177
852,"Martinez, Taylor and Martin",Manufacturing,Manufacturing,425 Steven Lock Apt. 661,New Alejandraberg,GA,52860
853,"Jones, Moses and Nolan",Retailer,Retail,5133 Williams Isle,Sallystad,MS,46828
854,"Jordan, Snyder and Mueller",Tech,Tech,06419 Sean Mills Apt. 560,South David,KY,55569
855,Jennings-Parks,Manufacturing,Manufacturing,286 Patrick Shoal Suite 629,Schroederfort,MI,37683
856,"Dixon, Monroe and Ramsey",Retailer,Retail,991 Henry Bypass,South Jeremy,TX,09913
857,"Campbell, West and Villanueva",Tech,Tech,83576 Mitchell Mills,Ericmouth,FM,09662
858,Stark Inc,Manufacturing,Manufacturing,594 Allen Trafficway Suite 056,Christinaside,IL,82149
859,"Donovan, Rice and Woods",Retailer,Retail,457 Mcknight Way Apt. 007,Bryceside,PR,33100
860,"Graham, Luna and Smith",Tech,Tech,171 Graves Radial Apt. 028,Port Taylor,OK,10934
861,Huffman-Mccormick,Manufacturing,Manufacturing,828 Barnes Brook Suite 383,New Ryanfurt,ND,00594
862,"Hardy, Hardy and Coleman",Retailer,Retail,2724 Linda Islands,New Brookeborough,AS,56025
863,Castro-Davis,Tech,Tech,59224 Jose Passage Suite 264,Christinamouth,ID,26290
864,Gregory-Doyle,Manufacturing,Manufacturing,65173 Chavez Oval,Aliciaton,IN,68995
865,"Jones, Hudson and Johnson",Retailer,Retail,902 Fields Forks Apt. 600,Floreston,PA,81202
866,Hernandez-Santiago,Tech,Tech,653 Robinson Stravenue,Travistown,CT,09687
867,"Glover, Roach and Barnes",Manufacturing,Manufacturing,93386 Nathan Shoals Apt. 670,Rodriguezport,MP,87001
868,Colon-Dennis,Retailer,Retail,26967 Lisa Well Apt. 517,Gonzalesmouth,MO,86926
869,"Hudson, Owens and Herrera",Tech,Tech,6333 Owens Dale,Johnsonmouth,AZ,63372
870,"Stevens, Meyers and Howard",Manufacturing,Manufacturing,3015 Wayne Walks Apt. 179,North Shelbyborough,MT,10872
871,Whitehead Group,Retailer,Retail,96337 Young Manors Suite 373,Port Sarahfort,MH,67009
872,White-Bowen,Tech,Tech,823 Dennis Underpass Suite 864,Lake Carolburgh,ND,88153
873,Jimenez PLC,Manufacturing,Manufacturing,9628 Rodriguez Mills,West Ann,KS,01888
874,"Dickerson, Martinez and Scott",Retailer,Retail,7102 Page Locks Apt. 117,Jaredport,MT,40067
875,Harris PLC,Tech,Tech,608 Alvarez Unions Suite 641,Davidbury,FM,54502
876,Stevens-Wade,Manufacturing,Manufacturing,68725 Jones Ports Apt. 781,Emmaburgh,CT,82978
877,"Morton, Floyd and Castillo",Retailer,Retail,9916 Nash Mills,North Teresatown,SD,65772
878,Smith LLC,Tech,Tech,4611 Harris Street,Cainchester,ID,09202
879,Callahan and Sons,Manufacturing,Manufacturing,7309 Victoria Pine,Adambury,TN,49229
880,Gonzalez Group,Retailer,Retail,7839 Manning Pines Suite 605,Kirbyshire,NE,14461
881,Mcgee Group,Tech,Tech,374 Nicole Flats,Fieldsmouth,MS,04998
882,Brooks Inc,Manufacturing,Manufacturing,56244 Rice Neck Apt. 426,South Rogerfort,MD,25353
883,Barnes-Hunt,Retailer,Retail,58000 Robert Gateway Suite 701,North Lisa,NH,34564
884,Garrison Group,Tech,Tech,6593 Andrew Avenue Apt. 783,Brianfurt,OR,74564
885,Webb-Hernandez,Manufacturing,Manufacturing,58174 Margaret Squares Apt. 610,Odonnellshire,PA,63916
886,Thomas Group,Retailer,Retail,097 Shelton Rapids,Wesleyton,MO,98053
887,"Goodwin, Villanueva and Bullock",Tech,Tech,243 Kimberly Forest,Danielfurt,MI,21275
888,Hess-Brown,Manufacturing,Manufacturing,581 Brown Cape Suite 747,North Erica,KY,87115
889,"Phillips, Lindsey and Wu",Retailer,Retail,3878 Mcdonald Knoll Suite 615,Port Kyleport,IA,01923
890,Vasquez-Moore,Tech,Tech,529 Rebecca Manors Suite 579,Huangtown,ND,46345
891,"Stevens, Martinez and Ali",Manufacturing,Manufacturing,169 Erika Overpass Apt. 255,Kathyview,OR,19599
892,Thompson Ltd,Retailer,Retail,1024 Patrick Knolls,Port Danielshire,WA,94706
893,"Burns, Gutierrez and Dunn",Tech,Tech,16760 Mitchell Path,Lake Jacquelinemouth,PA,84570
894,"Weeks, Young and Paul",Manufacturing,Manufacturing,631 Anne Stravenue Suite 975,Johnbury,AK,20326
895,"Yang, Smith and Mccarty",Retailer,Retail,471 Harding View,Alexisshire,RI,89910
896,Porter-Mcpherson,Tech,Tech,25145 Evans Drive,Samanthashire,NM,07334
897,"Lynch, Guerrero and Miller",Manufacturing,Manufacturing,3862 Angela Estate,Port Christy,OR,76622
898,Ayers-Hayden,Retailer,Retail,0497 Jason Via Suite 623,Lake Stevenberg,MH,87919
899,Mata-Murphy,Tech,Tech,4379 Cook Squares,Griffinport,MO,04119
900,Williams LLC,Manufacturing,Manufacturing,9694 Fuller Islands,South Christopherside,ME,19950
901,Simpson-Fisher,Retailer,Retail,865 Barbara Harbor,New Mark,MO,20112
902,"Ayers, Smith and Owens",Tech,Tech,3844 Santana Underpass Suite 311,Parksborough,DC,39741
903,Wright-Phillips,Manufacturing,Manufacturing,7913 Johnson Mission,Williamsview,NM,40968
904,Garcia Inc,Retailer,Retail,7346 Steven Spur Suite 853,North Bradleyton,MS,70052
905,"Khan, Steele and Walsh",Tech,Tech,31704 Tracey Forks Apt. 675,East Amandashire,MH,13941
906,"Hunt, Reyes and Long",Manufacturing,Manufacturing,12175 Perez Loaf Suite 015,Miguelville,WV,40863
907,"Parsons, Sosa and Doyle",Retailer,Retail,10391 Harrison Road,Lake Charles,MT,53173
908,Wolf Group,Tech,Tech,0764 Gentry Land,Port Jessica,GA,09678
909,Austin-Schaefer,Manufacturing,Manufacturing,7422 Amy Mountains,Chadberg,GA,29757
910,Hanson-Carter,Retailer,Retail,88566 Johnson Crossing,Weaverview,PA,85884
911,Alvarez and Sons,Tech,Tech,45720 Stacy Crescent Apt. 193,New Jose,IA,82275
912,"Hamilton, Harris and Robinson",Manufacturing,Manufacturing,93764 Davis Neck Apt. 947,North Derekmouth,PR,96827
913,"Barber, Stone and Roberts",Retailer,Retail,8887 Smith Forge,Danielton,GU,62822
914,White-Gaines,Tech,Tech,38813 Jones Port,Joneschester,AS,85581
915,"Goodman, Taylor and Woodward",Manufacturing,Manufacturing,62435 Sonia Spurs Suite 109,Victoriaborough,GU,36489
916,"Rodriguez, Rodriguez and Gonzalez",Retailer,Retail,151 Suzanne Hills Suite 301,Roberttown,SC,34140
917,Smith PLC,Tech,Tech,4775 Michelle Course Suite 480,West Victoria,OR,30332
918,Mccarthy-Martinez,Manufacturing,Manufacturing,335 Virginia Mountains Suite 899,Baileyside,AR,73603
919,Price LLC,Retailer,Retail,709 Samuel Knolls,North Jessica,VA,60790
920,Morrison-Patterson,Tech,Tech,89952 Martin Forest Apt. 476,Port Randy,KS,19477
921,Woods Ltd,Manufacturing,Manufacturing,389 Bryan Mountain,Josephland,TX,34301
922,"Harris, Rocha and Mason",Retailer,Retail,774 Kelsey Cliff,Christopherside,ME,38233
923,Reyes LLC,Tech,Tech,11456 David Viaduct,Sarahfort,DE,35728
924,Pennington-Patel,Manufacturing,Manufacturing,776 Kim Course,Lake Brianshire,WY,66993
925,"Daniel, Donaldson and Morris",Retailer,Retail,9479 Thomas Port,New Kimberly,FL,22935
926,"Sandoval, Sanchez and Fernandez",Tech,Tech,412 Shaw Union,New Sara,MD,09519
927,Gibbs Inc,Manufacturing,Manufacturing,20704 Cameron Plain,Thomasbury,TX,11898
928,Banks PLC,Retailer,Retail,448 Mahoney Mountains Apt. 423,West Leslie,MI,28038
929,Johnson-Stevens,Tech,Tech,482 Luna Rue,North Jenniferton,AS,68930
930,"Williams, Jimenez and Long",Manufacturing,Manufacturing,03293 Walter Pass Suite 296,New Fred,MD,10766
931,"Johnson, Lang and Watson",Retailer,Retail,262 Laura Lakes Apt. 800,Port Veronica,NM,99683
932,"Mcintyre, Patel and Johnston",Tech,Tech,8328 Fields Falls Suite 110,North Tamara,TX,21140
933,"Allen, Murray and Howard",Manufacturing,Manufacturing,07779 Bowman Mill,Taraside,VA,19482
934,Lee-Taylor,Retailer,Retail,39231 Barry Road Apt. 338,Lake Dawn,RI,60844
935,West and Sons,Tech,Tech,38114 Vang Passage Apt. 403,Thompsonville,VA,83806
936,Williams Ltd,Manufacturing,Manufacturing,3589 Anthony Plain Apt. 163,North Jamesville,NV,69104
937,Turner-Koch,Retailer,Retail,0030 Kristin Forks Apt. 299,Port Jennifer,WA,71269
938,Martin-Cooper,Tech,Tech,6905 Rogers Underpass Suite 289,North Laurenmouth,AR,62035
939,"Hurst, Huynh and Owens",Manufacturing,Manufacturing,462 Jon Greens,Port Michaelfort,WA,24411
940,Richard-Pope,Retailer,Retail,2503 Adrian Mount Apt. 732,Danielchester,LA,12246
941,Rocha Group,Tech,Tech,82733 Ramsey Fall,Valeriebury,MA,25360
942,Martinez LLC,Manufacturing,Manufacturing,55168 George Skyway Apt. 298,South Andre,WA,55590
943,"Blair, Butler and Burch",Retailer,Retail,55801 Hunt Mountain,West Joseph,VI,16334
944,"Hammond, Rhodes and Sanchez",Tech,Tech,9390 Mahoney Coves Suite 723,North Christineview,KY,84020
945,Solis PLC,Manufacturing,Manufacturing,73889 Troy Turnpike,New Steven,IL,55693
946,Nicholson Inc,Retailer,Retail,8482 Jackie Forge,Waynechester,AS,60642
947,"Chung, Jacobs and Wallace",Tech,Tech,512 Chris Lodge Apt. 512,South Raymondland,ND,50078
948,Obrien-Cordova,Manufacturing,Manufacturing,6977 James Pike,West Roberthaven,WI,20698
949,Orr PLC,Retailer,Retail,880 Bentley Hills Suite 356,New Joel,NJ,47290
950,Hooper LLC,Tech,Tech,859 Katie Junctions,East Ronnie,FL,82264
951,Miller LLC,Manufacturing,Manufacturing,91697 Jody Mount Suite 068,Robinsonfort,MD,88116
952,"Medina, Hansen and Davis",Retailer,Retail,4189 Gomez Plains,Port Chelseamouth,VI,75260
953,Thomas-Coleman,Tech,Tech,14133 Louis Motorway,Jessicaland,MD,87772
954,Hale LLC,Manufacturing,Manufacturing,76762 Michael Tunnel Apt. 771,Muellerhaven,ID,72574
955,Powell and Sons,Retailer,Retail,833 Daniel Square Suite 465,West Leahfurt,NE,90176
956,Scott Inc,Tech,Tech,536 Jordan Plaza Apt. 528,Christopherhaven,NV,53698
957,"Sandoval, Cobb and Harmon",Manufacturing,Manufacturing,91714 Cline Course,Jasonberg,PW,97690
958,"Price, Gordon and Anderson",Retailer,Retail,090 Jacob View,North Mirandaberg,HI,17017
959,Butler-Lewis,Tech,Tech,35888 Evans Glen,Port Jeffrey,NE,81585
960,Acevedo-King,Manufacturing,Manufacturing,493 Thomas Meadow Apt. 337,East Dawn,TX,09274
961,"Zuniga, Barton and Stanley",Retailer,Retail,7436 Danielle Branch Suite 802,East Nancy,AK,92338
962,"Davenport, Hale and Robinson",Tech,Tech,45907 Meghan Estates,East Danielleshire,CA,48468
963,Murphy PLC,Manufacturing,Manufacturing,882 James Roads Suite 458,Banksside,CA,24641
964,Turner LLC,Retailer,Retail,66554 Young Coves Apt. 458,South Timothy,AL,60867
965,West-Guerrero,Tech,Tech,895 Stephanie Trail,Lake Emilymouth,IL,50356
966,"Robinson, Ferguson and Rose",Manufacturing,Manufacturing,00507 Elliott Ports,Briantown,MP,49199
967,"Walker, Peters and Waters",Retailer,Retail,6697 Keller Burg,West Jimhaven,VA,53368
968,"Garrett, Gordon and Nielsen",Tech,Tech,6394 Joseph Streets Suite 645,Mariahmouth,AS,18703
969,"Miller, Green and Lane",Manufacturing,Manufacturing,071 Justin Streets Suite 675,East Stephanie,VI,43222
970,"Garcia, Mendoza and Rivera",Retailer,Retail,20944 Merritt Bridge,West Michaelmouth,WA,86977
971,Perry Ltd,Tech,Tech,7052 Nicholas Parkways,Lake Davidside,FM,71244
972,Roberts-Richardson,Manufacturing,Manufacturing,2845 Amber Court,West Rebecca,NH,73079
973,Guerra and Sons,Retailer,Retail,074 Mejia Flats,North Markview,UT,42895
974,"Bell, Silva and Espinoza",Tech,Tech,767 Craig Harbor,New Kaitlyn,KY,65330
975,"Arroyo, Spencer and Campbell",Manufacturing,Manufacturing,08360 Luis River,South Allen,GU,98460
976,"Young, Zuniga and Ritter",Retailer,Retail,959 Johnson Club Apt. 275,Tiffanyborough,NC,14870
977,Rogers-Jones,Tech,Tech,9988 Pratt Squares,East Samuel,TN,00638
978,"Cross, Braun and Kelley",Manufacturing,Manufacturing,55086 Brian Plaza,Lake Mark,CO,59373
979,"Bell, Chapman and Wyatt",Retailer,Retail,4085 Davila Cliffs Suite 956,Kimfurt,CO,41049
980,"Stevens, Mcdaniel and Griffin",Tech,Tech,5303 Moran Throughway,New Nicole,KY,41175
981,"Ho, Hernandez and Martin",Manufacturing,Manufacturing,13649 Lee Drive Apt. 851,Smithburgh,AS,27147
982,Martinez and Sons,Retailer,Retail,2592 Moore Field Suite 731,Harrellville,FM,46966
983,Robbins PLC,Tech,Tech,2783 Kelly Expressway,East Michele,NY,80850
984,Farley-Lewis,Manufacturing,Manufacturing,3552 Wallace Centers Apt. 806,New Suzanneberg,WY,67661
985,Gilbert-Robinson,Retailer,Retail,72829 Andrea Bypass,New Kristin,NM,40678
986,"Hunter, Larsen and Chavez",Tech,Tech,7027 Reese Mountains,West Melissaville,MP,43196
987,"Montgomery, Mckee and Hayes",Manufacturing,Manufacturing,72386 Trevor Mall Apt. 432,Williamsbury,FL,55106
988,Taylor-Simmons,Retailer,Retail,57805 Robert Meadow Suite 589,Jenniferhaven,WY,63963
989,"Robertson, Ferguson and Johnson",Tech,Tech,382 Flores Lane Suite 711,Amyside,WI,29603
990,Gonzalez-Smith,Manufacturing,Manufacturing,5933 Tracey Glens,Dannyton,MD,38949
991,Boyd-Hernandez,Retailer,Retail,3011 Melinda Course Apt. 469,South Michellebury,AK,64511
992,Hill-Osborne,Tech,Tech,61030 Kara Coves,New Dominicmouth,MN,11733
993,Brown-Williams,Manufacturing,Manufacturing,37969 Crawford Station,East Jessica,RI,75718
994,"Nunez, Tran and Skinner",Retailer,Retail,29706 Mark Hills Apt. 895,East Rebecca,WA,55042
995,"Terrell, Martin and Ward",Tech,Tech,73266 Schmitt Lake Suite 428,South Whitney,PA,12996
996,Shaffer PLC,Manufacturing,Manufacturing,440 Vaughn Plaza Apt. 616,Lake Jennifer,KS,81071
997,Price PLC,Retailer,Retail,46823 Sarah Field Suite 629,Kimberlytown,MP,99212
998,Holland Group,Tech,Tech,7775 Spencer Squares Suite 587,Lake Justinstad,PW,94614
999,Potts-Pearson,Manufacturing,Manufacturing,5297 Nelson Circle Suite 923,Hallmouth,OH,73309
1000,"Murray, Zimmerman and Solomon",Retailer,Retail,78668 Mary Grove Suite 926,Maldonadohaven,FM,55463
