vendor_key,vendor_name,vertical,address,city,state,zip
1,Sullivan and Sons,Retail,8390 Peter Groves Suite 231,Josephhaven,MS,90237
2,"Smith, Sandoval and Parker",Tech,4506 Martin Stravenue Apt. 197,Laurabury,WY,73059
3,"Moore, French and Moore",Manufacturing,17790 Molina Lodge Suite 897,Martinezchester,ID,42953
4,Phillips-Williams,Retail,02373 Carpenter Circle Suite 635,South Tiffanyborough,TX,86246
5,Rivera-Costa,Tech,36580 Le Curve,Brooksbury,AK,47271
6,Peterson LLC,Manufacturing,76525 Chris Flats,New Megan,NV,21695
7,"Butler, Scott and Doyle",Retail,24050 Evan River,East Sandratown,KY,22735
8,Aguilar Inc,Tech,0061 Kelly Valleys Suite 514,Charlesville,MD,78683
9,Larson-Taylor,Manufacturing,12822 Kelly Walks Apt. 053,Lake Donna,NC,70469
10,Barnes-Frey,Retail,030 Contreras Park,Angelaport,AK,17566
11,"Gill, Garcia and Porter",Tech,28474 Butler Viaduct,Lake Melissa,LA,39637
12,"Decker, Schultz and Reed",Manufacturing,86121 Mitchell Manor Suite 018,Erinchester,NE,46371
13,"Harris, Giles and Crawford",Retail,964 Jones View Apt. 897,Lindashire,TX,38275
14,"Bishop, Johnson and Anderson",Tech,8458 Hayden Garden Suite 869,New Chad,AS,12213
15,Perez-Bradshaw,Manufacturing,7153 Murphy Springs,East Christophermouth,OK,92090
16,Scott-Valentine,Retail,09472 Franklin Mountains Suite 809,Amybury,ME,36265
17,Harding Inc,Tech,2282 Scott Springs Apt. 935,Ianfort,WI,24373
18,Davis Group,Manufacturing,49697 Adam Turnpike Suite 852,East Dennis,OR,30730
19,"Stanley, Harper and Herrera",Retail,76818 Bauer Lake Suite 945,West Brandon,OK,65627
20,Salinas-Horn,Tech,709 Samantha Radial Apt. 776,Williamsmouth,AR,48820
21,Foley PLC,Manufacturing,23073 Hill Fields Apt. 409,West Mary,NC,99565
22,"Hubbard, Callahan and Delgado",Retail,54891 Knight Station,Port Lisa,NE,78835
23,Allen Ltd,Tech,9520 Pineda Skyway Suite 291,West Erica,PR,03180
24,Golden-Lewis,Manufacturing,0674 Moore Burg,North Shane,WA,27235
25,Trujillo and Sons,Retail,99559 Martin Lodge Suite 558,South Wendy,MA,23286
26,Cook Group,Tech,0073 Cortez Fords Apt. 193,Port Edwardtown,MO,36397
27,Proctor Group,Manufacturing,3089 Chavez Islands Apt. 368,New Christineborough,AK,00516
28,"Davies, Sanchez and Smith",Retail,95052 John Ports,West Kaitlinport,WY,56163
29,Meyer-Garcia,Tech,475 Tucker Pines Suite 244,Bakerburgh,OR,41662
30,Suarez Ltd,Manufacturing,47813 Bradley Park,West Matthew,OR,44354
31,Huber Group,Retail,95106 Kyle Heights,Lake Amandaville,SC,01325
32,Freeman Ltd,Tech,512 Michael Estate,West Lisa,WA,07902
33,Tucker-Perez,Manufacturing,3858 Lopez Drive Suite 945,Emmabury,TX,39922
34,"Robinson, Dean and Sanchez",Retail,5419 Martinez Manor,Mcbridechester,WI,54712
35,Figueroa Inc,Tech,507 Andrew Ranch Suite 426,Murphyland,WA,41133
36,"Nixon, Gibbs and Wise",Manufacturing,0201 Connie Rapid,Nicoleshire,HI,39004
37,Mejia-Powell,Retail,853 Miller Lakes,South Williamburgh,MI,27005
38,"Pierce, Morris and Marsh",Tech,497 Wolf Inlet,Mooreshire,ME,96361
39,Ramirez Inc,Manufacturing,7910 Sanchez Street Suite 743,Lake Eileenville,KS,59035
40,Brooks-Garcia,Retail,4750 Brandon Ports Apt. 238,East Daniellehaven,IL,73009
41,Ramirez LLC,Tech,33266 Roberts Courts,Port Lisaville,NE,61240
42,Washington Inc,Manufacturing,758 Gonzalez Mill,Andreaborough,MN,72926
43,Cole-Dickerson,Retail,555 Santiago Greens,Derekton,VI,49291
44,Martin and Sons,Tech,52205 Anna Hill,Haleshire,NH,88595
45,"Hamilton, Thomas and Kemp",Manufacturing,014 Timothy Crossing,Mendezside,CA,02731
46,Henderson-Rogers,Retail,041 Patty Stream Suite 299,Rosefort,FL,58658
47,Hopkins-Tanner,Tech,5134 Kathryn Ways,North Susan,ND,13128
48,Curry Group,Manufacturing,696 Chaney Manors Suite 560,South Sarah,NJ,35126
49,"Shaw, Brooks and Deleon",Retail,8733 Keith Port,Lake James,AK,65744
50,"Bowers, Johnson and Matthews",Tech,3728 Brown Rest,Port Cory,MO,60226
51,"Hernandez, Chavez and Simon",Manufacturing,40601 Dawson Grove Apt. 841,Phillipsland,SD,82841
52,Hernandez-Mccann,Retail,105 Tracy Terrace,Grahammouth,NV,92901
53,Armstrong Group,Tech,32907 John Parkways,New Reginastad,WY,90434
54,Smith Ltd,Manufacturing,126 Lucas Ridge,Torresborough,OK,46790
55,"Simmons, Gray and Bridges",Retail,113 Carrie Highway,Port Paulville,OR,92544
56,Williams-Baker,Tech,06045 Jasmin Squares Suite 167,South William,MA,33560
57,Harris-Murray,Manufacturing,5619 David Meadows,Danielsmouth,CO,33550
58,Shields and Sons,Retail,05449 Hodges Overpass Suite 590,Richardport,IA,36656
59,"Yu, Good and Rodriguez",Tech,1677 Michael Circles Suite 151,Ryanberg,NM,08294
60,"Taylor, Martin and Ramirez",Manufacturing,35255 John Meadow,Patriciamouth,FL,40384
61,Robinson-Wu,Retail,49909 Schneider Radial Apt. 772,North Christian,NH,71820
62,Yu-Becker,Tech,9231 Sarah Spring,Lake Alicia,WA,69284
63,Pope Inc,Manufacturing,580 Smith Stravenue,South Robertfurt,CA,55641
64,Johns Inc,Retail,0133 Keith Summit,New Jessicastad,NY,95926
65,"Lucas, Washington and Austin",Tech,65880 Cline Forks Apt. 047,West Deborah,LA,45281
66,Mccoy Group,Manufacturing,31204 Holloway Creek,Guzmanstad,KS,15257
67,"Potter, Franklin and Jennings",Retail,0529 Palmer Landing,Port Andrea,DE,48330
68,Martin-Chambers,Tech,49221 Stein Stream,Michaelstad,IL,14907
69,"Gutierrez, Knight and Boone",Manufacturing,8283 Keith Loaf Apt. 260,Saraton,NV,48176
70,Wolfe Inc,Retail,39892 Mary Rest Suite 995,Clarkeshire,KS,87979
71,"May, Morrison and Freeman",Tech,3025 Tara Village,Danielstad,NC,19014
72,Montgomery Inc,Manufacturing,244 Vega Mission Apt. 001,Port Joannabury,AR,46427
73,"Black, Stafford and Smith",Retail,135 Paul Estate Suite 029,Roberttown,MN,10390
74,"Fitzpatrick, Johnson and Elliott",Tech,84849 Richard Course Suite 911,Adammouth,IA,16672
75,"Gonzalez, Guzman and Alvarez",Manufacturing,33969 Eric Cape,Port Richard,KY,05485
76,Mitchell-Rodriguez,Retail,998 Klein Courts,Barryberg,NC,23567
77,Wilkinson PLC,Tech,920 Wells Burgs Suite 213,North Cory,NC,46553
78,Mcclain-Simpson,Manufacturing,929 Randolph Inlet Apt. 594,Lake Albertburgh,CT,60267
79,"Henderson, House and Tran",Retail,4459 Lynn Pines,Lake Douglas,DE,72124
80,Simon Inc,Tech,489 Mooney Streets Suite 661,New Brittany,PA,65513
81,"Gentry, Parrish and Hill",Manufacturing,8525 Thomas Summit Apt. 537,Dicksonport,ME,63492
82,"Dunlap, Sweeney and Pugh",Retail,269 Ashley Coves,Friedmantown,AR,44314
83,Clark-Preston,Tech,031 Gina Locks Apt. 856,South Patrickfort,CA,68061
84,Moore-Haynes,Manufacturing,903 Barry Lodge,Port Charleston,HI,31869
85,"Scott, Ibarra and Jones",Retail,1930 Gutierrez Drives,Kimfort,FM,89446
86,Gonzales-Dougherty,Tech,489 Ronald Dale Suite 195,West Amandahaven,VI,08335
87,Blair-Harris,Manufacturing,894 Howard Mall Apt. 080,South Carlos,MP,72604
88,Hendrix and Sons,Retail,6442 Peggy Ville,South Jason,TX,79275
89,Gonzalez Ltd,Tech,9345 Ortiz Crossroad Apt. 388,Brookschester,OH,13549
90,Bowen-Franklin,Manufacturing,7349 Kirby Drive Apt. 167,Burnsport,AK,18487
91,Miller-Mitchell,Retail,2543 Peterson Haven,West Heatherside,WY,29089
92,Torres-West,Tech,30196 Nathaniel Islands,Cynthiafort,ID,19144
93,Jones Inc,Manufacturing,536 Trevor Estate Suite 686,New Ginaland,WA,96997
94,Garza Inc,Retail,512 Michael Hollow,Davidsonside,OR,75612
95,Mitchell Ltd,Tech,5299 Sylvia Mount,Port Nicolas,FM,19527
96,"Levy, Williams and Cooper",Manufacturing,02722 Alexander Gateway,Angelafurt,ME,76820
97,"Cantu, Evans and Rose",Retail,28058 Hodge Radial Suite 777,Port Laurenville,OR,76761
98,Jarvis-Freeman,Tech,258 Thomas Dam,Henrymouth,MP,91896
99,Ramirez LLC,Manufacturing,8875 Nicole Views Suite 994,Stephenton,MO,94993
100,"Buckley, Kramer and Terry",Retail,512 Michael Mountain,Taylorville,NJ,35265
101,"Bishop, Moore and Roth",Tech,320 Harrington Oval,Brittanyview,MN,42515
102,"Johnson, Forbes and Burgess",Manufacturing,24945 Small Hollow Suite 754,Rosemouth,RI,57030
103,Baker-Smith,Retail,363 Melissa Crest,Suzannemouth,MI,32028
104,Bernard-Olson,Tech,7742 Martin Estate Suite 371,Lake Patrickport,NY,85794
105,Scott-Medina,Manufacturing,28775 Brown Walks,Dunlapburgh,TN,58845
106,"Young, Hall and Bailey",Retail,0730 Robert Rest Apt. 089,Ashleybury,IA,85633
107,"Moore, Briggs and Vasquez",Tech,73885 Michael Plain Suite 895,Maureenchester,PR,77643
108,"Sellers, Kelley and Patterson",Manufacturing,55293 Avila Springs Apt. 837,Port Gabrielstad,VA,36746
109,Roberts-Alvarez,Retail,1758 Henderson Creek Apt. 210,Vargasberg,NV,29421
110,Rivers and Sons,Tech,1677 Kim Burgs Suite 388,West Linda,TN,05871
111,"Brown, Cline and Miller",Manufacturing,490 Darren Forks,Longton,AL,62937
112,"Butler, Powell and Lang",Retail,288 Michael Camp Suite 926,Stephanieville,AR,30276
113,"Mendoza, Barnett and Hogan",Tech,1977 Melissa Underpass,North Shellymouth,NY,87996
114,Griffin-Smith,Manufacturing,4572 David Loaf,Charlesstad,TX,13774
115,"Collier, Delacruz and Williams",Retail,63568 Kari Canyon,South Oscar,VA,55004
116,"Perez, Abbott and Russell",Tech,55828 Williamson Shores,New Melody,NC,44311
117,"Howard, Holt and Barnes",Manufacturing,283 Lauren Villages,East Jessicafurt,TX,79249
118,"Farrell, Maldonado and Boyd",Retail,074 Jordan Pine Apt. 886,Donaldstad,ID,84342
119,Hopkins-Lopez,Tech,309 Brandy Crescent Apt. 900,Nicholasville,GU,93746
120,"Leon, Thomas and Archer",Manufacturing,205 Watson Crest Suite 022,Port Stephanieland,TN,39742
121,"Martinez, Harris and Holt",Retail,86077 Jackson Radial Apt. 215,North Carlos,IN,88988
122,"Wise, Gonzalez and Scott",Tech,89446 Dan Estate Suite 631,East Cynthia,IN,61676
123,Buck LLC,Manufacturing,50773 James Lock,Stephanieside,IN,16521
124,Young LLC,Retail,7511 Hicks Street,New James,CT,03309
125,Wilson PLC,Tech,38309 Newman Mountains Apt. 077,Lisaport,CO,77467
126,Underwood-Gomez,Manufacturing,232 Owen Parkways Apt. 332,Obrienfort,RI,10036
127,Eaton-Rose,Retail,7395 Coffey Estate,West Brianchester,NH,20775
128,"Washington, Spencer and Phillips",Tech,681 Sally Street,East Dawnshire,OH,41002
129,Jones PLC,Manufacturing,4958 Lori Ports Apt. 136,Martinezville,CO,89551
130,Duke Group,Retail,65958 Thomas Pines,Port Olivia,AR,77678
131,Gonzales and Sons,Tech,2425 Zachary Mission,Port Pamelaland,PW,61254
132,Craig LLC,Manufacturing,178 Ramos Stream,Stacyfurt,AS,10812
133,Collier-Lopez,Retail,66637 Laura Mountain Suite 532,Fernandofurt,MH,49752
134,"Willis, Weiss and Roberts",Tech,30075 Williams Roads,North Richardmouth,SD,59478
135,Wall and Sons,Manufacturing,162 Tina Crest Apt. 722,Lake Rodneymouth,CA,96688
136,Davis LLC,Retail,8089 Marc Walk Suite 110,Cowanbury,MD,11957
137,Long-Weber,Tech,0442 Sosa Neck,Chenborough,VA,06030
138,"Byrd, Smith and Hernandez",Manufacturing,61016 Charles Terrace,Riverabury,HI,40550
139,"Hampton, Ellis and Jimenez",Retail,91369 Wallace Common Apt. 868,East Paul,IA,83075
140,Garner LLC,Tech,41514 William Meadow,Robertland,MI,74790
141,Smith-Shields,Manufacturing,922 Wilson Via,Bergerview,GA,30193
142,Arnold-Mckinney,Retail,02894 Tate Road,South William,ID,66219
143,Pollard-Davis,Tech,9746 Saunders Lakes,Gailchester,WV,37821
144,Booker-Manning,Manufacturing,34900 Joshua Ports Suite 104,Michaelhaven,KS,58156
145,Hale-Fitzgerald,Retail,632 Lori Port,Port Robin,CA,92172
146,"Coleman, Washington and Morales",Tech,03638 Bailey Mission,South Michelle,DE,10264
147,Jackson Ltd,Manufacturing,44834 Baker Road,North Brendanchester,IA,26034
148,"Cooper, Norton and Martin",Retail,6160 Brown Village Suite 769,Mathewston,UT,46072
149,Wolf-Brown,Tech,988 Barry Junction,East Theresaville,TN,99557
150,Schmidt and Sons,Manufacturing,8226 Joshua Lake,West Hollyside,TX,70483
151,Herman-Schmitt,Retail,15643 Day Way Apt. 813,New Timothyshire,UT,93174
152,Robbins-Carey,Tech,7332 George Junctions,Carolyntown,VT,57387
153,"Gilbert, Smith and Price",Manufacturing,556 Joseph Row,Barreraville,WI,89060
154,Patrick and Sons,Retail,86290 Smith Crescent Apt. 050,East John,AL,38366
155,Robinson-Smith,Tech,67333 Fernandez Rue,Kathleenborough,KS,43249
156,Mueller Group,Manufacturing,7350 Tanner Point,Jennifermouth,AZ,54605
157,"Lopez, Martinez and Bender",Retail,682 Romero Place,Arielborough,TN,22760
158,"Martinez, Guerrero and Terry",Tech,11297 Phillips Viaduct,Lake Adamstad,NE,63362
159,Griffin-Parks,Manufacturing,77931 Herrera Ford Apt. 034,South Sharon,OR,82585
160,Hamilton-Carr,Retail,20744 Elizabeth Corners,Murraybury,CO,99706
161,Hunt-Santos,Tech,93960 Powell Viaduct,Wilsonmouth,NV,62505
162,Harmon PLC,Manufacturing,49491 Nathan Villages,Bradshawton,MD,23130
163,Wiggins-Perez,Retail,758 King Ford Suite 726,South Dannyberg,UT,02294
164,Fitzgerald PLC,Tech,231 Huff Lights,Petersonland,MT,84088
165,Garner PLC,Manufacturing,026 Davis Fort,North Bethanymouth,GA,52204
166,"Kim, Davis and Martin",Retail,3815 Joshua Light,Lake Jessicaton,LA,16484
167,"Bowman, Reynolds and Bentley",Tech,7470 Rhonda Spring,Stevenside,CO,06850
168,"Pitts, Jones and Garcia",Manufacturing,1257 Robert Streets,Bennettfurt,AS,04440
169,"Jordan, Rivera and Elliott",Retail,7868 Karen Loop Apt. 381,Reillymouth,TN,43793
170,Rodriguez and Sons,Tech,4462 Smith Circles,Pamelachester,OH,00611
171,Freeman Ltd,Manufacturing,4704 Williams Field Apt. 170,Apriltown,NH,44349
172,Bailey-Pratt,Retail,0886 Tiffany Turnpike,East Rosestad,UT,93933
173,Martin-Oconnor,Tech,55462 Gonzalez Oval,Josephhaven,AK,30773
174,Jones LLC,Manufacturing,904 Blair Plains Suite 531,Leeberg,ID,23839
175,"Harmon, Mack and Cooper",Retail,7197 Lewis Extension,East Christinafort,NC,10611
176,Green Group,Tech,275 Amber Walk Apt. 675,Justinfurt,LA,29018
177,Key and Sons,Manufacturing,31134 Hayes Locks,Debramouth,PR,44451
178,Brown LLC,Retail,813 Kathryn Parkways Apt. 201,New Melissaport,GA,54234
179,Mays-Rivera,Tech,69764 Carolyn Mountain,Port Robert,AK,78693
180,Zimmerman PLC,Manufacturing,957 Jeremy Centers Suite 906,Phillipmouth,HI,47200
181,Rios-Hill,Retail,9799 Carolyn Pines,Sherriburgh,MS,02003
182,Cook LLC,Tech,792 Lee Expressway,Franktown,IN,71914
183,Conner-Munoz,Manufacturing,21233 Marissa Street,Smithshire,MP,92073
184,Gould-Hardy,Retail,445 Rose Forge Apt. 412,New Deanna,SC,50488
185,Lewis-Smith,Tech,918 Kevin Station,Clarkside,ND,55376
186,Yang-Cooke,Manufacturing,63433 Roberson Ville,Lewisburgh,NM,50292
187,Jones-Preston,Retail,825 Kimberly Ville Suite 243,Kimberlybury,AL,11371
188,Patel-Reeves,Tech,17032 Regina Terrace Apt. 931,Kristenfort,NH,40228
189,Hawkins-Reid,Manufacturing,874 Cohen Flat Apt. 047,East Melanieberg,NM,16945
190,Shea LLC,Retail,1357 Moyer Springs,North Jessica,MA,33689
191,"Quinn, Rush and Fox",Tech,36496 Flores Hill,Riverabury,MO,40015
192,Luna-Chandler,Manufacturing,611 Yu Union Suite 303,New Janet,AK,69589
193,Friedman-Harmon,Retail,49025 April Vista,East Patrick,MD,32602
194,"Thomas, Velazquez and Thompson",Tech,635 Wilson Shore Suite 191,South Davidton,NH,75872
195,"Rivera, Miller and Robinson",Manufacturing,97239 Griffin Ford,West Lindsay,FM,95811
196,"Duncan, Young and Glover",Retail,3378 Williams Forks,Zacharystad,AL,38712
197,Bowman-Ramos,Tech,2572 Wendy Springs,West Joseph,NE,09373
198,Rodriguez Group,Manufacturing,771 Derek Forge,Donnafort,TN,41291
199,"Jones, Mann and Hall",Retail,46881 Rubio Route,Abigailfort,AL,42624
200,Joyce Ltd,Tech,2989 Charles Cove Apt. 492,Amberstad,MP,36150
201,Morgan-Cox,Manufacturing,46793 Lindsey Landing Apt. 983,Pamelaview,VT,20642
202,Thomas-Donovan,Retail,22460 Michael Knolls,Port Judith,UT,67103
203,Cervantes and Sons,Tech,47876 Gary Cliffs,Lake Mollyport,WA,04227
204,Austin-Harris,Manufacturing,264 Amanda Haven,Elliotttown,FL,58215
205,Duncan Group,Retail,7687 Fernandez Road Suite 550,Danielmouth,KS,70710
206,Larsen LLC,Tech,0295 Bates Tunnel Suite 098,Royville,VI,76106
207,Kim Ltd,Manufacturing,9204 Laura Rue Suite 305,Newtonborough,CO,82674
208,Rivera-Baker,Retail,5440 Smith Locks Suite 140,Joannaview,WI,61998
209,"Baker, Rojas and Harris",Tech,4779 David Neck,South Kyleview,LA,89816
210,Acevedo Group,Manufacturing,8384 Willis Dale,Richardfort,OH,84533
211,"Castaneda, Moody and Hernandez",Retail,93857 Peck Extension,Davidport,PW,84800
212,Brooks-Lucero,Tech,9902 Smith Spring Suite 632,Samanthachester,AR,50053
213,Fernandez-Fuller,Manufacturing,4167 Valerie Walk Apt. 140,Dustinchester,OH,23532
214,Martin Group,Retail,42035 Dave Plaza,Lake Sethbury,NV,15780
215,"Velez, Hall and Holland",Tech,349 Garrett Estates,West Matthew,KS,30345
216,Terry-Leon,Manufacturing,11603 Amanda Stravenue,South Brian,ME,33628
217,Hayes Group,Retail,00099 Blake Harbor Suite 694,East Ricky,MA,86939
218,Parker-Kirby,Tech,01725 Smith Inlet,Tracyburgh,PW,29218
219,Hines Inc,Manufacturing,97641 Bradley Road Suite 940,Markmouth,MD,23885
220,"Brown, Patel and Obrien",Retail,78073 Jennifer Loop Apt. 535,New Debra,MA,47151
221,"Glenn, Caldwell and Randolph",Tech,9913 Zhang Courts Apt. 648,Montesshire,ID,33281
222,Rogers Inc,Manufacturing,222 Mark Estates,Morrisonhaven,NJ,48066
223,Gilbert-Horton,Retail,50620 Thomas Centers Suite 731,West Ronaldshire,FM,25034
224,Smith-Owens,Tech,783 Wood Course Suite 810,Ninamouth,AZ,77581
225,"Rubio, Reed and Davis",Manufacturing,3052 Dixon Knolls Suite 264,New Steve,MD,50527
226,"Cordova, Ashley and Logan",Retail,456 Anderson Green,Amyshire,LA,26733
227,Martin LLC,Tech,9629 Adams Village,New Kylechester,MD,27739
228,Mcclure-Lester,Manufacturing,46768 Danielle Avenue Suite 723,Suzannebury,SD,09657
229,Robles Inc,Retail,260 Kevin Hollow Suite 976,North Robert,GU,36772
230,Ortega and Sons,Tech,0764 Raymond Radial Apt. 866,East Mary,WA,48721
231,Tyler-Stein,Manufacturing,05979 Tina Islands,Rogersside,NH,27212
232,Dixon Group,Retail,4381 Green Cliffs,Romeroborough,MT,26766
233,Guzman-Jenkins,Tech,11428 Wilson Walks Suite 349,Lake Codyton,AR,54880
234,Rodriguez-Patton,Manufacturing,85996 Scott Manors,New Robert,WI,40227
235,"Duffy, Nichols and Fuentes",Retail,148 Bryan Lock Suite 389,Stewartport,NY,11330
236,"Gibson, Ramirez and Carroll",Tech,3039 Hansen Drive,Jeremiahport,HI,48916
237,Chandler LLC,Manufacturing,597 Roman Street Apt. 540,Rodrigueztown,WY,05903
238,Stafford-Williams,Retail,62680 Judith Street Suite 991,Mahoneyburgh,FM,45443
239,Roberson Group,Tech,96511 Douglas Village,Port Josephmouth,GU,35590
240,Evans-Roberts,Manufacturing,50727 Kelly Key,Housechester,LA,74226
241,"Chapman, Jackson and Clarke",Retail,9438 Spence Tunnel,West Jenniferberg,MH,32410
242,Flores-Thomas,Tech,44307 Kristen Glen,New Heatherbury,OH,31685
243,Marshall Inc,Manufacturing,10709 Mejia Brook Suite 329,West Tonyachester,RI,26805
244,Dixon PLC,Retail,4835 Angela Curve,Rebeccaside,OH,41214
245,"Hernandez, Schmidt and Parker",Tech,89516 Mcknight Forest Apt. 669,Garrettbury,MD,07894
246,Lynch-Bates,Manufacturing,759 Werner Curve Apt. 639,Meghanborough,LA,27159
247,Williams Group,Retail,669 Chavez Dam Suite 328,Mariomouth,MH,35812
248,Garcia PLC,Tech,969 Benjamin Centers Apt. 291,Port Hayleyberg,RI,72889
249,Jacobs-Palmer,Manufacturing,40951 Michael Shores Apt. 355,East Lynn,NH,56829
250,"Velazquez, Frazier and Gonzales",Retail,1210 Rodriguez Row,North David,IN,34263
251,Jones-Reed,Tech,361 Hayes Viaduct Apt. 039,Brewerville,VA,72747
252,Johnson-Gomez,Manufacturing,51267 Jacqueline Road,Johnport,WA,08581
253,Harris and Sons,Retail,698 Martinez Points,Port Patrick,AZ,55490
254,Mullins PLC,Tech,249 Joseph Corners,Alexanderbury,MH,07029
255,Smith Ltd,Manufacturing,992 Jason Isle Suite 588,New Sheila,AS,98573
256,Carson-Perez,Retail,027 Ashley Rapids Suite 233,New Douglasmouth,WI,94173
257,Johnson-Kennedy,Tech,731 Thomas Vista Apt. 811,Garciaton,CO,95589
258,Mosley PLC,Manufacturing,4395 Michael Fields Suite 083,New Brian,CO,61773
259,"Ayers, Welch and Daniel",Retail,84725 Crystal Causeway Suite 961,Elizabethtown,WY,94234
260,Rodriguez PLC,Tech,437 Carson Stream,Tonyton,NH,56198
261,Hamilton-Martinez,Manufacturing,172 Jennifer Underpass Suite 270,Holderhaven,ND,33934
262,Maynard Ltd,Retail,13299 Melissa Tunnel,North Douglasport,GA,52908
263,"Lin, Ellis and Patterson",Tech,43960 David Stream,East Joshua,VI,60192
264,"Blevins, White and Ryan",Manufacturing,475 Joy Plains,Carrollmouth,AZ,10299
265,Garcia and Sons,Retail,780 Doris Crescent Apt. 390,New Steventon,AL,01762
266,Phelps Group,Tech,95949 Richardson Ways,East Julieshire,AS,29352
267,Martin LLC,Manufacturing,699 Ellen Union,Gailborough,FL,45903
268,Rivera and Sons,Retail,21012 Cheyenne Street Apt. 805,Port Deborah,SD,16648
269,Guerra-Rodriguez,Tech,087 Amanda Brook Apt. 927,Barbaraberg,WI,85705
270,Perkins LLC,Manufacturing,9568 Barr Walks Suite 588,North Christopherchester,AL,91428
271,"Smith, Green and Miller",Retail,657 Miller Prairie,Atkinsonshire,WA,71120
272,"Castillo, Meadows and Thomas",Tech,6981 Page Lane,Lake Joannfort,WV,33069
273,Beck-Gibbs,Manufacturing,639 Nguyen Branch Suite 683,Hutchinsonburgh,MN,23026
274,"Davidson, Adkins and Burke",Retail,75529 Richard Mount Apt. 055,South Natalie,NM,51529
275,Brown-Klein,Tech,09897 Stacy Oval,Tarashire,SC,00821
276,Jones-Richardson,Manufacturing,20094 Melinda Highway,Jeremyport,WV,87808
277,Ward-Williams,Retail,2342 Wheeler Viaduct Apt. 001,Parktown,CA,76396
278,Gonzalez PLC,Tech,70702 Scott Well,North Douglas,MP,83982
279,Parks-Randall,Manufacturing,808 Lewis Shoals Suite 152,Johnsonmouth,IN,67492
280,Jones-Smith,Retail,19654 Elliott Place,North Jacobport,DE,69657
281,Yu PLC,Tech,202 Mckenzie Circle Suite 065,North Lori,VT,35754
282,Clark PLC,Manufacturing,65869 Allen Haven,South Steven,NV,37311
283,"Clark, Nolan and Baldwin",Retail,7944 Watts Islands,Villarrealstad,NY,75626
284,Cain Group,Tech,90881 Amanda Hill,North Tinashire,IL,85404
285,"Phillips, Vaughn and West",Manufacturing,693 Wilson River,Russellfort,MA,15201
286,"Butler, Schmidt and Rowe",Retail,2600 Thompson Prairie,Thompsonfort,DE,35832
287,"Wise, Brown and Johnston",Tech,523 Eileen Ports,New Dustin,SD,34236
288,Robinson-Mills,Manufacturing,8248 Melissa Mission,Glendastad,MH,44954
289,Shah-Bailey,Retail,430 Arroyo Avenue,Jessicashire,TN,04201
290,Robinson-Morales,Tech,311 Chelsea Flats Suite 809,West Sheilaside,OK,03807
291,Webb-Moore,Manufacturing,13418 Singh Summit Suite 987,Port Amandaville,NY,95874
292,"Robinson, Hudson and Moore",Retail,261 Anthony Inlet Apt. 339,Josephtown,DC,66570
293,Hernandez-Rodriguez,Tech,47269 Nelson Square,Robertville,TX,27494
294,Grimes and Sons,Manufacturing,8342 Bennett Springs,West Bethfort,NJ,10865
295,Douglas Inc,Retail,4692 Hoffman Trafficway Suite 670,West Williamberg,MI,73488
296,"Flores, Todd and Gardner",Tech,107 Sarah Passage,New Bryan,NC,13879
297,"Brown, Tapia and Wells",Manufacturing,751 Katherine Crossing Suite 308,Robertside,PW,81831
298,Michael-Kirby,Retail,78041 Williams Oval,Duaneview,VA,97482
299,"Walker, Robles and King",Tech,7096 Timothy Pine,Chanport,UT,02073
300,"Lozano, Simon and Vasquez",Manufacturing,10654 William Shoals Suite 994,Fryfurt,MO,27729
301,Robertson Group,Retail,10704 Cox Falls Suite 089,Wellsberg,NH,65154
302,Dyer-Beard,Tech,32206 Sloan Loaf,New Michaelburgh,MA,35353
303,Sanchez and Sons,Manufacturing,689 Wilson Summit Suite 268,West James,CT,26004
304,"King, Simon and Blevins",Retail,10015 Charles Squares Apt. 833,Estesfurt,MN,68266
305,Duarte-Harris,Tech,98118 Montoya Center,Robertville,NH,08966
306,"Wood, Mitchell and Adams",Manufacturing,0050 Ellis Island Apt. 281,Powellmouth,RI,15019
307,"Green, Melton and Shea",Retail,189 Mary Ford,East Jeffreyburgh,WY,36760
308,Sanchez-Curry,Tech,21977 Megan Union,Cathyshire,VT,92735
309,Hammond-Mills,Manufacturing,78125 Marilyn Extension,Sanderstown,KS,47755
310,Rodriguez-Page,Retail,718 Kevin Brooks Apt. 466,Bryanstad,SD,39618
311,Turner-Gordon,Tech,9796 Jon Forges,Wadefort,UT,82315
312,"Larsen, Zimmerman and Hall",Manufacturing,505 Laura Island Apt. 231,Port Bryce,NM,10291
313,Lopez-Soto,Retail,86021 Singleton Lodge Suite 558,North Dawn,MA,06805
314,"Ballard, Yang and Martinez",Tech,6604 Walker Trail,Albertmouth,TN,13564
315,Perry-Torres,Manufacturing,12599 Lutz Plains,Padillachester,TX,05090
316,Rodriguez Group,Retail,93977 Veronica Lane,Freemanview,IN,54946
317,Tucker Inc,Tech,8101 Bailey Oval Apt. 845,Donnaland,PA,17449
318,"Murphy, King and Bullock",Manufacturing,6184 Turner Corners,Michaelstad,NJ,03915
319,Thomas Ltd,Retail,0123 Stone Streets Apt. 276,Amberburgh,MP,99015
320,"Mccormick, Harrison and Rogers",Tech,34541 Sanford Centers,South Jodi,TN,22833
321,Fry Ltd,Manufacturing,27086 Ayala Bridge Suite 929,South Mary,FM,85875
322,Garrett-Pitts,Retail,158 Ralph Divide,Ryanshire,PW,60046
323,Taylor Ltd,Tech,55185 Cobb Ridge,Samanthafort,AL,28107
324,Thompson-Cross,Manufacturing,6156 Cathy Manors Suite 637,South Travischester,MI,30950
325,Lewis PLC,Retail,593 Ashley Islands,Davidfurt,AZ,41063
326,"Meyers, Delgado and Howard",Tech,1843 Wilson Inlet Suite 466,Port Valeriechester,VI,82732
327,Callahan Ltd,Manufacturing,548 Cortez Extensions Apt. 757,Mitchellchester,WI,48784
328,Campbell-Robinson,Retail,79498 Adriana Ridges,Port Melanieshire,MO,86160
329,Munoz PLC,Tech,53973 Annette Springs,North Timothychester,AS,17117
330,Lambert and Sons,Manufacturing,8304 Best Center,South Mary,MI,73487
331,"Reilly, Woods and Hart",Retail,4130 Brown Lane,New Krystalborough,MH,58328
332,Harris-Allen,Tech,2873 Calvin Square,Thomasbury,NY,58137
333,Morris-Murphy,Manufacturing,7730 Golden Village,West Nancy,MN,12848
334,"Burke, Lucas and Baker",Retail,972 Billy Roads,East Jonathan,WA,98163
335,Martinez-Reed,Tech,0881 Smith Fields Suite 573,Nicholasborough,OK,43982
336,"Porter, Ramos and Phillips",Manufacturing,0806 Collins Cliffs Suite 033,Port Kennethville,FL,09521
337,"Haynes, Stout and Watts",Retail,90682 Jacob Summit Suite 152,Shannonbury,ND,49836
338,Stevenson-Pollard,Tech,5801 Michael Walk Apt. 314,North Julia,OH,63842
339,Michael Inc,Manufacturing,66006 Bradley Skyway,Singhville,FL,35710
340,Martinez-Leblanc,Retail,887 Bush Alley Suite 661,Reevesport,CO,51352
341,"Cowan, Baldwin and Hoffman",Tech,92151 Galvan Orchard Apt. 865,Michealshire,WV,35421
342,"Riggs, Parker and Smith",Manufacturing,06831 Matthew Plains,Colleenland,IN,03431
343,"Hammond, Nolan and Davis",Retail,1560 Baker Mall Apt. 347,Smithtown,PW,48691
344,"Rangel, Mcintosh and Baker",Tech,49862 Clark Landing,Port Douglasside,CO,65087
345,Rush-Higgins,Manufacturing,0912 Salazar Curve Suite 074,Michaelfurt,DE,93636
346,Berger-Farrell,Retail,08242 Destiny Summit,Allenfort,NJ,39258
347,Lloyd PLC,Tech,43753 Lori Harbor,Bishopberg,IL,93408
348,Martinez Inc,Manufacturing,152 Kathy Orchard,Lake Carolyntown,NH,23418
349,"Dougherty, Mcdonald and Mullen",Retail,599 Erika Squares,Jamieport,IA,81626
350,"Nelson, Rowe and Rogers",Tech,2869 Warren Lodge,Lake Erica,PW,93988
351,Moon-Mathis,Manufacturing,03234 Edwards Streets,South Deannaview,FM,73645
352,Avila-Terrell,Retail,83520 Holmes Drives Suite 160,Millerville,SD,16377
353,Roberts-Kelley,Tech,5425 Matthews Crescent,East Juliefort,AR,82375
354,Anderson and Sons,Manufacturing,4712 Jacqueline Expressway,West Matthew,NC,01644
355,Garcia-Shaffer,Retail,6057 Jeffrey Field Suite 995,North Andrewville,VA,53592
356,"Parker, Abbott and Rodriguez",Tech,501 Robert Locks,Benjaminton,NH,93396
357,Alexander LLC,Manufacturing,570 Bryant Grove,North Chelseashire,GA,28328
358,Torres-Taylor,Retail,026 Christina Shoals,Santanaside,SD,20857
359,"Fox, Horton and Johnson",Tech,17556 Lindsey Fork,West Mark,ME,46474
360,Durham-Montgomery,Manufacturing,50899 David Cape Suite 319,Cliffordberg,GU,44329
361,Rivera LLC,Retail,6138 Ashley Throughway,West Marialand,NV,76564
362,"Lambert, Scott and Woods",Tech,1153 Preston Fords,Port Whitneytown,WY,34138
363,Wall-Norris,Manufacturing,11989 Brittany Knoll,Port Jesse,ME,27771
364,"Nelson, Schneider and Bradshaw",Retail,38644 Simpson Run,Melissachester,ME,64638
365,Sanders-Grant,Tech,8070 Adam Mountains Apt. 258,Kevinville,AL,43784
366,Brown-Martinez,Manufacturing,5578 Smith Locks,Simonburgh,WY,77957
367,Carter Ltd,Retail,930 James Shores,Williamsview,AS,28778
368,Woods-Myers,Tech,60001 April Meadows Suite 443,Port Dawntown,AL,51388
369,Roberson-Rojas,Manufacturing,6024 Blackwell Parkways Suite 531,Elijahburgh,WV,90284
370,Spencer and Sons,Retail,6869 Joy Forge,Andrewside,FL,84487
371,Salas-Castaneda,Tech,581 Bradley Isle,West Angelaport,AS,76309
372,Juarez-Riddle,Manufacturing,20770 Dana Ranch Apt. 955,Ruizfort,AR,67249
373,"Williams, Gonzalez and Davis",Retail,47549 Michelle Loop,North Lauraport,WY,63849
374,"Gallagher, Obrien and Ramos",Tech,465 Jennifer Curve Apt. 111,South Nicoleton,HI,56700
375,"Choi, Porter and Davis",Manufacturing,13420 Peterson Junction Suite 663,East Nancy,CT,65049
376,Roberts-Marquez,Retail,32043 Jennifer Fall Apt. 759,Port William,KS,99755
377,Walsh Group,Tech,328 Ashley Key Suite 028,South Susan,PW,53548
378,Peterson-Holt,Manufacturing,259 Susan Plains,Patriciaburgh,TX,06202
379,Pace PLC,Retail,785 Valdez Trace,New Felicia,DC,01663
380,Smith PLC,Tech,0475 Williams Expressway Suite 869,Joneschester,MH,70984
381,Norman Group,Manufacturing,75661 Melissa Square,Loganmouth,NJ,16914
382,Wall and Sons,Retail,1432 Alexander Expressway,Thompsonport,CT,62721
383,Cox-Rivera,Tech,66319 Alexander Parkways,East Carlshire,NM,32016
384,"Watkins, Duran and Smith",Manufacturing,0222 Amber Road Suite 135,North Lisachester,CA,09936
385,"Curry, Bowman and Valenzuela",Retail,2548 Marshall Dam Suite 988,Jillland,OR,52042
386,"Foster, Oconnor and Spencer",Tech,90675 Maddox Shore,Port Anntown,AR,69063
387,Pruitt-Strong,Manufacturing,49222 Terry Squares Suite 464,Hallton,OK,94376
388,Robinson-Davis,Retail,065 Jaime Camp,Port Troyberg,KY,88334
389,"Tyler, Boyer and Black",Tech,3777 Jacob Mews Suite 128,East Nicholasport,DE,74144
390,Reed-Williams,Manufacturing,94907 Sean Trail,East Jackiemouth,DE,90117
391,Griffin Ltd,Retail,81911 Sloan Curve,South Sandy,UT,00741
392,"Lopez, Nguyen and House",Tech,788 Moore Plaza Apt. 806,Michaelton,HI,43917
393,Suarez-Fox,Manufacturing,10371 Melody Row Suite 875,Christopherside,ME,97499
394,Gray Ltd,Retail,21451 Laura Stream,New Veronicafurt,ID,45871
395,Kirk-Waters,Tech,777 Brown Forest Suite 559,Byrdport,WV,93883
396,Carter-Maddox,Manufacturing,4220 Stephens Tunnel Apt. 521,South Laurenstad,MP,55245
397,Mitchell-Torres,Retail,708 Rogers Harbor,Cochranberg,MT,22060
398,Long Inc,Tech,314 Johnathan Meadows,East Brittanychester,ME,80870
399,Johns-Jenkins,Manufacturing,089 Edwards Walks Suite 380,Fosterside,OR,61294
400,Porter and Sons,Retail,6485 Jeffrey Squares Suite 593,New Seanmouth,TX,96940
401,Pittman-Spence,Tech,00116 Dominique Burg Apt. 014,West Toni,OR,93686
402,Williams Ltd,Manufacturing,381 Marissa Inlet Suite 876,Perryburgh,AZ,89721
403,"Fernandez, Henderson and Robinson",Retail,31953 Ferguson Square Apt. 260,Jensenstad,PR,41075
404,Landry-Wilson,Tech,75688 Wright Springs,Rhondaville,WY,82153
405,Boyle-Hale,Manufacturing,0455 Moses Vista Apt. 094,Bowmanmouth,MI,54522
406,"Hunter, Zimmerman and Roberts",Retail,7546 Donald Spur Apt. 336,Jasminehaven,NC,76559
407,Smith LLC,Tech,193 Victoria Walk,West Ryanchester,GU,93948
408,"Patterson, Murphy and Ho",Manufacturing,007 Becker Wall,New Tonyastad,LA,12670
409,Hammond-Peters,Retail,647 Chris Centers,North Richard,SD,46257
410,Martinez-Aguirre,Tech,0573 Amanda Island Suite 263,Port Dianebury,OH,26663
411,"Best, Jenkins and Wood",Manufacturing,13406 Michelle Park,West Ashleybury,TX,46512
412,Weaver Ltd,Retail,233 Cantrell Village Suite 281,Patricktown,CT,75085
413,"Walker, Miller and Gomez",Tech,208 Dillon Forks Suite 715,North Heathertown,IL,16540
414,"Benson, Sandoval and Solomon",Manufacturing,89715 Rachel Ways Apt. 280,Doyleport,NH,47000
415,Murphy-Neal,Retail,26275 Morales Motorway,Walkershire,MI,82295
416,Watts LLC,Tech,566 Tammy Cliffs Suite 780,New Laura,SD,65897
417,Anderson Group,Manufacturing,230 Jones Lake,Castrochester,OH,33356
418,"West, Turner and Sanchez",Retail,9588 Arroyo Views,South Kaitlyn,MA,13326
419,"Jackson, White and Gibson",Tech,49465 Keith Inlet Apt. 655,Port Kennethview,CO,84337
420,French-David,Manufacturing,5225 Kelli Prairie,Jimenezmouth,IN,74510
421,"Smith, Lowe and Hunter",Retail,234 Chung Extensions,New Nicolaschester,DE,77030
422,Romero PLC,Tech,8922 David Mountains,Andreborough,MO,44237
423,"Valdez, Payne and Hensley",Manufacturing,401 Bryce Underpass Suite 552,Marissabury,NH,21265
424,Horton-Anderson,Retail,79550 Sullivan Crest Suite 314,East Sarahton,TN,56790
425,Rivera and Sons,Tech,273 Jesse Light Apt. 737,Connieburgh,VA,20214
426,Turner-Callahan,Manufacturing,66819 Garcia Stream,Lake Donnashire,SD,49123
427,Jordan-Shea,Retail,31545 Lopez Trail Apt. 899,Kennethtown,TN,96831
428,"Edwards, Jones and Russell",Tech,260 Nicholas Knoll Apt. 508,Mitchellburgh,NJ,48471
429,"Garner, Ibarra and Lewis",Manufacturing,1070 Charles Ramp Suite 864,Stephanieport,AR,55505
430,Ward Group,Retail,663 Hensley Drive Apt. 726,Toddfort,UT,61474
431,Thornton Ltd,Tech,521 Sarah Mountains Suite 417,Meghanport,RI,89129
432,Anderson Ltd,Manufacturing,9903 King Port,Ericshire,GU,11154
433,Moore-Gonzalez,Retail,24034 Evans Bypass Suite 300,Lake Jeffreytown,SC,45859
434,Vega-Obrien,Tech,2577 Nathan Stravenue Apt. 236,Millerhaven,KY,41460
435,Flores LLC,Manufacturing,5159 Erica Haven,North Aaronland,AL,50977
436,"Johnson, Fowler and Norton",Retail,67054 Julie Road Apt. 277,Port Bethmouth,NH,95391
437,Bush LLC,Tech,315 Julie Club Apt. 071,Boydshire,VI,29946
438,Coleman-Hayes,Manufacturing,8679 Barron Extension Apt. 365,Charleschester,KY,02010
439,"Lopez, Campbell and Martin",Retail,14884 Jillian Summit,West Kristen,CT,37554
440,Williams-Rodriguez,Tech,3971 Brandon Extension Suite 823,Jessicahaven,MA,56827
441,"Aguirre, Soto and Perkins",Manufacturing,2985 Jones Wall Apt. 739,Randyland,WV,52862
442,Johnson-Blankenship,Retail,045 Jimenez Squares Suite 569,Port Kimberlystad,OK,17730
443,"Guzman, Bryant and Edwards",Tech,015 Christine Walk Apt. 736,Salasborough,GU,70668
444,Hayes Ltd,Manufacturing,68169 Donna Freeway Apt. 077,Petersonside,MA,84650
445,Mathews LLC,Retail,13793 Robinson Squares Suite 815,New Kiara,CT,46568
446,"Fields, Gonzalez and Owens",Tech,3823 Campos Ports Suite 388,Lisaland,VI,75006
447,Griffith-Bennett,Manufacturing,168 Anderson Way Apt. 394,Sarahshire,VA,40871
448,"Bradford, Bowman and Garcia",Retail,54887 Brady Drives,Estesburgh,AS,83567
449,Daniels Ltd,Tech,3036 Bradley Stream,Ashleyburgh,HI,13384
450,Williams-Griffin,Manufacturing,1709 John Spurs,North Melissa,HI,19828
451,Curtis-Vega,Retail,9227 Martin Road,Pattersonfurt,MT,40719
452,Shah-Lee,Tech,134 Veronica Prairie,Antoniotown,GA,39182
453,Fleming-Savage,Manufacturing,501 Lisa Courts Apt. 691,Patrickland,IL,21710
454,"Leon, Garcia and Smith",Retail,05787 Wyatt Rapids,West Sarah,WY,97134
455,Holmes-Weeks,Tech,030 Jose Cliffs,Williamborough,MH,92583
456,Wells PLC,Manufacturing,14217 Laura Well Apt. 688,Danieltown,PW,24645
457,Wilson-Bryant,Retail,21321 Lisa Key,East Joshua,CO,63472
458,"Bass, Johnson and Trujillo",Tech,9219 Tina Rapid Apt. 218,Richardsonview,NC,93317
459,Santiago-Figueroa,Manufacturing,9017 Jerry Radial Apt. 113,North Kari,NJ,86744
460,Hodges Inc,Retail,6664 Cantu Summit,East Taylorburgh,DE,19307
461,"Wolfe, Parsons and Rich",Tech,78222 Coffey Islands,Calderonhaven,PR,25751
462,"Harrison, Miller and Abbott",Manufacturing,596 Elizabeth Ridges,Kevinton,FM,63103
463,"Reilly, Hensley and Smith",Retail,520 Garcia Stravenue Apt. 072,East Jessica,MH,58359
464,Kim Inc,Tech,41359 April Union Suite 128,Kelleyside,KY,30996
465,"Stewart, Hansen and Wright",Manufacturing,70823 Ramos Coves,Jasonville,WV,88957
466,Edwards-Gay,Retail,11317 Eddie Island Suite 668,West Gregoryborough,CO,07701
467,Velez-Arias,Tech,46500 Kevin Loop Apt. 603,West Robertmouth,AR,24283
468,James PLC,Manufacturing,943 Savage Corners Apt. 863,Laurenfurt,FM,62443
469,Rodriguez-Murphy,Retail,0729 Fred Extensions Apt. 870,Austinside,AZ,80596
470,"Charles, Mueller and Mitchell",Tech,6407 Michael Tunnel,Brittanymouth,VI,87246
471,Hill and Sons,Manufacturing,7471 Sara Inlet,Hawkinston,CO,51341
472,Smith-Holland,Retail,99382 Joshua Drive Suite 590,Delacruzton,NY,14075
473,Garcia LLC,Tech,507 Oscar Plaza Suite 647,North Sarah,AK,10358
474,"Reyes, Lopez and Cook",Manufacturing,5645 Denise Roads Suite 952,North Angela,CO,41442
475,Ho-Holmes,Retail,177 Alexander Fall,West Mark,CO,54231
476,"Cruz, Smith and Harrell",Tech,81200 Elizabeth Stravenue Suite 320,Camposshire,VA,44003
477,Wright-Hall,Manufacturing,00328 Adams Coves,South Johnville,KY,40688
478,Patterson PLC,Retail,70636 Victoria Rapids Apt. 296,New Christinemouth,IN,13133
479,Howard Ltd,Tech,6154 Anthony Parkways,Taylorbury,LA,00834
480,"Crawford, Estrada and Washington",Manufacturing,457 David Plaza Apt. 049,Brenttown,DE,97441
481,"Lucero, Bradshaw and Clark",Retail,68205 Matthew Ford Suite 672,North Amandahaven,DE,41887
482,"Johnston, Underwood and Powell",Tech,396 Williams Square Suite 838,Port Tami,UT,94262
483,"Mitchell, Wright and Pace",Manufacturing,18094 Lisa Mountains Suite 589,Port Tiffanymouth,IA,34979
484,Sawyer-Marshall,Retail,58193 Barnes Corners Suite 553,Sarahstad,OK,34371
485,"Allen, Washington and Barrera",Tech,92945 Earl Wall,New Nicholas,MS,66015
486,"Bryant, Bailey and Campbell",Manufacturing,4952 David Tunnel,East Derrick,NH,15374
487,"Snyder, Conley and Stewart",Retail,41154 Alexander Mount,Mistytown,IN,37883
488,Wilson-Moore,Tech,737 Wheeler Club Suite 512,Lauraburgh,SD,76646
489,Ochoa-Weber,Manufacturing,73928 Cynthia Forges Apt. 413,Ethanville,NM,99709
490,"Wood, Winters and Howell",Retail,75317 Gonzalez Dale,Lake Lydia,AR,96031
491,Curtis-Wallace,Tech,43193 Douglas Crest,Rodriguezberg,SC,41404
492,Ross and Sons,Manufacturing,957 Garcia Tunnel Suite 120,North Gabrielle,VI,46062
493,Salazar Group,Retail,09206 Elizabeth Vista,Port Elizabeth,GA,27905
494,Goodwin-Andrade,Tech,0992 Desiree Trafficway,Lake Scott,LA,87099
495,Nelson-Cordova,Manufacturing,57716 Paul Flat Apt. 878,Flemingview,WA,10157
496,Patterson-Williams,Retail,08639 Chase Road Suite 091,Port Katrinastad,KY,05987
497,"Ayala, Jones and French",Tech,39761 Smith Curve,New Jonathan,ND,53251
498,"Watkins, Thomas and Ramos",Manufacturing,4499 Jean Forks Suite 718,Lake Bryan,VA,93480
499,"Landry, Duran and Mcgee",Retail,24753 Alyssa Stream,Port Kellieton,MP,59651
500,Allen-Mullen,Tech,8240 Lisa Terrace,Port Ronaldburgh,RI,34934
501,"Andersen, Price and Nguyen",Manufacturing,967 Kelly Parkway,West Michael,WV,52692
502,"Yu, Porter and Wilkinson",Retail,773 Greer Knolls Apt. 967,Jeffreyhaven,SD,68063
503,Franco-Green,Tech,42900 Chambers River,Angelamouth,OH,93616
504,Martin-Best,Manufacturing,011 Colon Falls Apt. 484,North Gerald,HI,55496
505,"Oconnor, Mccoy and Hamilton",Retail,727 Lewis Fall,North Ana,DC,35780
506,Davis Inc,Tech,357 Smith Manor Apt. 312,Garciaville,OH,42128
507,Price-Carter,Manufacturing,9294 Gutierrez Crossing Suite 952,Parkview,CA,10823
508,Williams-Clayton,Retail,6880 Brown Station Suite 937,West Eric,SC,98035
509,Peters-Barker,Tech,33959 Monica Terrace Apt. 408,Tonyaview,WA,60433
510,Flores-Hernandez,Manufacturing,265 Bryant Passage,Jasonstad,NH,78094
511,Flores-Robinson,Retail,13118 Evans Ports,North Davidbury,SC,46463
512,Merritt Inc,Tech,7890 Cole Stream Suite 945,Kyleside,MP,72435
513,Frederick LLC,Manufacturing,8054 Kyle Route Suite 710,West Williamview,DC,60750
514,Conway Ltd,Retail,0731 Kimberly Fords,Frazierstad,CT,21541
515,"Jones, Taylor and Avery",Tech,75990 Edwin Field,West Michelle,TN,74433
516,Wheeler LLC,Manufacturing,172 Baker Circles,North Tony,PA,66502
517,Shepherd-Nichols,Retail,5736 White Underpass Suite 568,West Jennifer,FM,01631
518,Rios Ltd,Tech,2835 Timothy Plaza Suite 949,Emmaberg,ID,33551
519,"Mcdonald, Campbell and Page",Manufacturing,03078 Sims Field,Roseside,LA,53964
520,"Taylor, Dalton and Reyes",Retail,62843 Howe Cliff,West Michaelland,MH,42075
521,"Anderson, Vargas and Duran",Tech,6734 Wallace Freeway,North Christopher,MT,01090
522,Sandoval Group,Manufacturing,37060 Sandra Club Apt. 437,South Jordanville,MD,42181
523,Pacheco Ltd,Retail,570 Harris Springs,East Courtney,IL,62578
524,"Meyer, Schroeder and Hester",Tech,4654 Brooks Extension,Goodmantown,LA,18974
525,"Barrett, Taylor and Collins",Manufacturing,2097 Kelly Station Suite 324,West Stephen,WI,39739
526,Wood-Brewer,Retail,800 Pamela Lane,North Katelynside,GA,76472
527,"Moore, Stephens and Wyatt",Tech,775 Wright Alley,East Brandi,DC,36156
528,"Hill, Tucker and Williams",Manufacturing,326 Donna Light Suite 525,West Kennethville,CO,16163
529,Davila-Brown,Retail,6591 Christopher Green Suite 827,Dawnstad,UT,42750
530,Gaines Ltd,Tech,13671 Michael Center Apt. 041,Lake Christinabury,IN,01310
531,"Jacobs, Franklin and Nichols",Manufacturing,131 Becky Spring,North Francis,ME,76239
532,"Turner, Johnson and Lowery",Retail,86407 Shane Shoals,Sandramouth,PR,15095
533,"Morales, Pope and Trujillo",Tech,75781 Duran Plains,Grayton,AR,93327
534,Holmes LLC,Manufacturing,68853 Graham Turnpike,Port William,GU,67299
535,Olsen LLC,Retail,0749 Jonathan Underpass,Kellystad,NE,94732
536,Jackson-Green,Tech,11709 Lance Neck,Lake Carlland,NM,98516
537,"Pitts, Martinez and Stephens",Manufacturing,052 Davis Lakes Suite 636,Rochaton,AZ,87848
538,"Davis, Hernandez and Cole",Retail,990 Rebecca Avenue,Yatesport,MO,49529
539,"Jefferson, Sampson and Brown",Tech,43504 Pittman Meadows Apt. 189,Jonesport,TX,61745
540,Mendoza-Brown,Manufacturing,789 Silva Village Apt. 404,Millerbury,LA,86338
541,"Buckley, Smith and Graham",Retail,374 Shannon Trail,Matthewchester,PW,98999
542,"Rubio, Cunningham and Doyle",Tech,3070 Matthew Village Suite 293,Clarkchester,NH,43262
543,"Mays, White and Rasmussen",Manufacturing,83595 Davis Curve,Tylerview,DC,92030
544,"Roth, Bell and Soto",Retail,976 Patterson Isle,Allenland,IL,15616
545,"Rodgers, Gonzales and Lin",Tech,8596 Timothy Cliff,Jonesland,MH,37822
546,Nguyen Group,Manufacturing,1504 Morris Greens Apt. 837,Port Bryanside,WV,73927
547,"Gay, Wallace and Salas",Retail,74226 Kelley Stream,Port Devin,AL,76684
548,Wood-Medina,Tech,026 Kevin Viaduct,Crawfordside,MS,90331
549,Perry and Sons,Manufacturing,291 Colton Roads Apt. 870,Joannaburgh,UT,27788
550,"Davidson, Campbell and Perez",Retail,53670 Berger Mews,Matthewborough,MS,75861
551,Garcia PLC,Tech,495 Tonya Estate,Williammouth,MT,38289
552,Gonzalez-Edwards,Manufacturing,32037 Frank Ways Suite 526,Conradtown,ND,96833
553,"Williams, Larson and Jackson",Retail,08388 Davis Forks,West Kelsey,WV,51318
554,Miller-Henderson,Tech,672 Anderson Tunnel,Lake Bryan,DC,91393
555,"Richardson, Marsh and Lang",Manufacturing,137 Thomas Landing,West Christopher,PW,23843
556,Harper Inc,Retail,5575 Christine Prairie Apt. 959,Toddchester,WY,71098
557,Chavez-Cohen,Tech,0202 Karen Plains Suite 296,Anthonyberg,SC,81071
558,"Serrano, Eaton and Farmer",Manufacturing,31244 York Causeway Apt. 847,Mclaughlinfort,KS,47396
559,Williams Ltd,Retail,64938 Bowman Walks Apt. 558,North Johnberg,NY,37978
560,Long-Wolf,Tech,781 Patrick Harbors,Port Larry,NH,68875
561,Smith Inc,Manufacturing,5415 Fisher Summit,New Donna,VI,10023
562,Anderson-Graham,Retail,1871 Jones Turnpike,East Theresafurt,LA,99311
563,"Cannon, Williams and Jackson",Tech,314 Mayer Rapids Suite 162,Lake Alyssaberg,OR,35593
564,Jones PLC,Manufacturing,1237 Sarah Creek Apt. 716,Kathyfort,FM,39754
565,"Chambers, Waller and Cain",Retail,440 Conley Curve Apt. 703,Angelastad,AZ,53280
566,Sims-Hall,Tech,16618 Richardson Fall Suite 580,Lake Kimberly,AS,79495
567,Jones-Palmer,Manufacturing,40006 Reed Locks Suite 533,Smithmouth,ND,34932
568,Ward Ltd,Retail,58319 Tyler River Apt. 120,West Alyssa,ME,14991
569,Watson-Chan,Tech,424 Janet Vista Apt. 178,Tylerchester,ID,15015
570,Jackson PLC,Manufacturing,822 Brenda Squares Apt. 555,Watkinshaven,OK,39121
571,"Leonard, Daniel and Carr",Retail,954 Ross Ville Apt. 801,Hammondfurt,OH,94306
572,Vaughn Inc,Tech,252 Patrick Junctions Suite 340,Karenton,OR,13187
573,Miller Group,Manufacturing,24055 Dawn Spur Apt. 410,Littlechester,RI,89469
574,Cameron-Gutierrez,Retail,629 Allen Route Apt. 256,West Tara,RI,67156
575,Montgomery-Bryant,Tech,381 Kim Street,Derekhaven,MT,30855
576,Foster Inc,Manufacturing,06213 Peterson Creek Apt. 426,New Randy,MP,58416
577,"Bond, Watson and Robbins",Retail,6277 Gregory Street,Manuelmouth,NY,83140
578,"Scott, Lyons and Williams",Tech,1146 Wong Neck Suite 396,West Abigail,PW,67006
579,"Garrett, White and Gibson",Manufacturing,8525 Ward Spring,Millerborough,AR,65806
580,Schwartz Group,Retail,211 James Crest Apt. 384,South Jordanhaven,WI,17688
581,Nunez and Sons,Tech,2488 Moran Village,Lake Georgeton,WV,08327
582,Jordan-Wang,Manufacturing,410 Wilson Union Suite 879,East Robinshire,PR,39007
583,Hampton-Yang,Retail,660 Jesse Circle,Nicholaston,NJ,55206
584,Torres and Sons,Tech,102 Erica Village Apt. 883,South Jamie,TN,74422
585,"Erickson, Lewis and Maynard",Manufacturing,3484 Carlson Dam,East Christopher,IN,58028
586,Mills-Ray,Retail,3016 Mclean River,West Dannybury,SC,57580
587,"Grant, Obrien and Townsend",Tech,6015 Gordon Square,East Ashley,GA,02688
588,"Johns, Lawrence and Adkins",Manufacturing,50707 Dylan Trafficway,East Amandaberg,DC,67694
589,Thomas-Mendoza,Retail,9049 Gray Glens Apt. 923,West Jessica,NE,90882
590,Smith-Fitzpatrick,Tech,556 Erin Glen,Matthewmouth,NC,53839
591,"Ho, Wright and Lawrence",Manufacturing,754 Tammy Centers Apt. 365,Robertfort,WI,76310
592,Lowery and Sons,Retail,79163 Hannah Shoals,West Joshua,FL,46569
593,Henderson-Davis,Tech,568 Randy Valley,South Roy,CA,50298
594,"Martinez, Hogan and Small",Manufacturing,8696 Pham Locks,Stephanieville,TX,60426
595,"James, Davis and Myers",Retail,53868 Garcia Crossroad Apt. 182,Bethshire,GA,98492
596,"Ramirez, Atkinson and Meyers",Tech,72621 Garcia Junctions,Brittanyhaven,ID,96056
597,Morgan Inc,Manufacturing,7142 Reese Ridge,East Kimberly,WA,53741
598,Martin-Mays,Retail,1802 Yates Row,South Rebecca,IL,96429
599,Decker and Sons,Tech,714 Taylor Oval,West Daniel,PR,07156
600,Avery LLC,Manufacturing,77249 William Manor,Jessicaview,WY,50631
601,Freeman and Sons,Retail,9240 James Grove Suite 601,Kochton,AR,75344
602,Chambers and Sons,Tech,027 Mercer Branch Apt. 259,Rebeccaside,SD,21879
603,Bailey-Estes,Manufacturing,030 Matthew Squares,South Christinefort,MI,04406
604,Whitehead and Sons,Retail,995 Houston Road,New Alejandro,HI,56841
605,Phillips-Cunningham,Tech,4180 Jones Hollow Suite 985,West Maryborough,ND,87848
606,"Gomez, Tate and Reid",Manufacturing,143 Green Causeway,Port Andrewport,MD,02155
607,"White, Shaffer and Mueller",Retail,70881 Schneider Plain Apt. 186,Port Chad,OH,82184
608,"Brown, Smith and English",Tech,3259 Craig Plain Suite 989,Davidstad,VI,01617
609,Miller-Li,Manufacturing,82837 Christopher Road,Aguilarmouth,RI,15645
610,Castaneda PLC,Retail,376 Gregory Row,East Williamstad,NC,98590
611,"Munoz, Jones and Brown",Tech,1004 Antonio Centers Apt. 536,Jacksonview,RI,84503
612,Savage PLC,Manufacturing,22051 Jennifer Dam Suite 135,Port James,NY,03076
613,"Delgado, Castro and King",Retail,528 Aaron Trace,Sherriland,NC,53383
614,Medina PLC,Tech,09273 Henry Estates Apt. 727,Staceymouth,FL,06894
615,Morales-Cordova,Manufacturing,01703 Leblanc Springs Suite 615,East Amanda,MS,42032
616,Hardy Ltd,Retail,9599 Stanley Row Suite 346,Lake Nicole,FM,75498
617,"Hall, Garcia and Wolf",Tech,64732 Romero Crest Apt. 498,Garciabury,AK,51253
618,Rose and Sons,Manufacturing,0410 Anthony Ramp,Zacharyfurt,WV,81665
619,Rodriguez-Davis,Retail,572 Phillips Locks Apt. 305,Port Kimberly,TX,01294
620,Brown and Sons,Tech,67374 Stewart Points,New Kimberlystad,WI,21429
621,Diaz-Stewart,Manufacturing,302 Hall Valley Apt. 281,Mckenziemouth,MA,07769
622,Mathews-Walker,Retail,060 Michaela Forest Apt. 391,East Edwardfort,MS,19917
623,Shepard PLC,Tech,3467 Lisa Tunnel,New Barrybury,FM,80520
624,Lopez and Sons,Manufacturing,21978 Peterson Parks Suite 804,Amandaville,DE,62899
625,Holt Inc,Retail,252 Sanchez Wall,East Alexa,AZ,16039
626,"Burgess, Rogers and Mercado",Tech,3149 Conrad Way Apt. 405,Odonnellhaven,ME,66768
627,Andrews-Anderson,Manufacturing,58791 Sarah Camp Apt. 734,Kelleyhaven,AK,74396
628,Kaufman-Crane,Retail,0782 Leonard Mount Apt. 738,North Dustinport,CO,20805
629,Roberts and Sons,Tech,7978 Ibarra Landing,West Sarah,FM,67246
630,Lee LLC,Manufacturing,14484 Sparks Green,Port Caseyborough,GU,91590
631,"Cain, Burns and Jones",Retail,5643 Peter Rest,Larsenmouth,NH,81919
632,Lewis Inc,Tech,949 Christopher Lights Apt. 167,South Juliashire,CT,46943
633,Hall and Sons,Manufacturing,3039 Campbell Island,Greeneborough,ND,88126
634,Douglas-Hughes,Retail,7038 Carter Villages,South Angela,CA,49648
635,Johnson-Reeves,Tech,9442 Price Spurs,Edwardshaven,HI,61936
636,Martin-Cole,Manufacturing,10626 Susan Center,Lake Kristy,PR,60772
637,Ramirez-Hayden,Retail,0100 Shane Row,Port Kristen,SC,05501
638,Lane Group,Tech,21381 Paul Junctions Apt. 999,South Patricia,OH,68285
639,"Wilson, Parker and Bailey",Manufacturing,279 David Turnpike Suite 910,South Amandaton,HI,59784
640,Simpson Inc,Retail,73907 Joseph Mount Suite 948,Lake Victoria,CA,42745
641,Coleman-Woods,Tech,35673 Collins Manors Apt. 823,Dennischester,NJ,72201
642,Sanchez Inc,Manufacturing,20288 Jeffrey Valley Apt. 480,Port Tammyburgh,CT,03093
643,"Mcpherson, Bradley and Green",Retail,004 Valdez Fords Suite 586,South Stuart,ID,02656
644,"Rogers, Soto and Morgan",Tech,943 Nicole Expressway Suite 051,New Christopher,IL,08647
645,Harris Group,Manufacturing,48591 Warren Squares Suite 150,New Stephenmouth,MS,66400
646,Shelton-Hoover,Retail,430 Moore Ranch Apt. 892,Lake Jeffrey,AL,76860
647,Burns LLC,Tech,710 Kevin Locks,Lauraview,CA,15085
648,"Morrow, Prince and Ross",Manufacturing,37187 Franklin Pine Apt. 457,Lake Shelleyland,WA,12568
649,Smith-Holland,Retail,81286 Andrew Vista,Vickiebury,PR,66916
650,Jackson PLC,Tech,5295 Hamilton Field,West Lauren,FM,97163
651,"Thompson, Clark and Davis",Manufacturing,4058 Brent Fall Suite 433,Lake Jonathanville,CT,08278
652,Alvarez Group,Retail,805 Thompson Locks Suite 489,Port Michael,IA,75933
653,Smith LLC,Tech,9299 Medina Turnpike Apt. 944,South Anthony,MS,91200
654,Liu LLC,Manufacturing,79843 Flores Isle,Aaronmouth,VI,75850
655,"Smith, Clements and Chambers",Retail,34028 John Roads Apt. 518,Lake Laurie,ID,53433
656,"Smith, Ingram and Wilson",Tech,70301 Sherri Center,East John,DE,41096
657,Hart-Cervantes,Manufacturing,67835 Crystal Spring,Port Lisaborough,VT,08683
658,Sanders-Campbell,Retail,351 Tyler Brooks,Hernandezmouth,IN,60336
659,"Barnes, Fitzgerald and Phillips",Tech,98927 Linda Roads Apt. 177,Lake Edward,HI,79456
660,Taylor and Sons,Manufacturing,4142 John Villages Suite 799,Port Cassandraport,SC,37263
661,Taylor and Sons,Retail,7226 Mary Camp Suite 419,Robinsonchester,WY,77688
662,Robles Ltd,Tech,3428 Mason Villages Apt. 023,Hillhaven,WA,40794
663,Dunlap-Bruce,Manufacturing,49549 Walters Courts Apt. 478,Hickmanstad,GU,76920
664,Browning Group,Retail,513 Payne Grove,Hayesburgh,VA,22080
665,Mcdonald LLC,Tech,41626 Ryan Corners,Port Kimberly,IA,44278
666,Moore PLC,Manufacturing,18760 Paul Fords Suite 303,Carlfort,CA,24277
667,"Church, Smith and Gomez",Retail,03264 Thomas Haven Apt. 327,New Stevenside,PA,94043
668,"Salazar, Robertson and Wade",Tech,58281 Williams Falls,Hardyborough,KS,65835
669,"Brooks, Taylor and Moran",Manufacturing,57525 Shawn Locks,Blackhaven,NM,17686
670,Phillips Ltd,Retail,45779 Michelle Alley Apt. 025,West Christophershire,IN,66501
671,"Douglas, Rangel and Long",Tech,7759 Brittney Inlet Apt. 446,New Christophermouth,AK,21902
672,Carson Group,Manufacturing,3968 Rose Villages Apt. 928,Longburgh,ME,19912
673,"York, Stone and Delgado",Retail,30000 Hernandez Shores Suite 004,Catherinetown,VT,98871
674,Mitchell-Ryan,Tech,3398 Samantha Ports,West Josephton,KS,23571
675,Sanchez-Fisher,Manufacturing,402 Gabriella Freeway,Crystalton,OH,76217
676,"Malone, Gibbs and Perez",Retail,378 Smith Station Apt. 653,Adamsport,NM,92149
677,"Lambert, Phillips and Brewer",Tech,641 Perez Trail,Bradchester,AS,92332
678,"Kennedy, Moore and Mayo",Manufacturing,432 White Square,Port Justinfurt,WV,31194
679,"Drake, Murphy and Richardson",Retail,9438 Wright Pike,Murillochester,NV,20759
680,Gonzales-Mann,Tech,92143 Torres Burgs Suite 182,Port Paulfurt,CO,24005
681,Freeman Inc,Manufacturing,0976 Brent Row Suite 109,Port Rhonda,CO,24185
682,Hicks Inc,Retail,499 Bailey Streets Apt. 728,North Elizabethburgh,MN,00522
683,Thomas Group,Tech,081 Patricia Overpass,Shawnfort,IN,64554
684,Anderson Group,Manufacturing,720 Williams Place Suite 733,Conniefurt,LA,47481
685,"Austin, Curtis and Torres",Retail,308 Christopher Vista Suite 908,Ronaldborough,NY,45371
686,Salazar Group,Tech,2079 Turner Islands Apt. 067,Hernandezview,DE,41782
687,Jimenez-Green,Manufacturing,93970 Sherry Walk Suite 257,Daleburgh,NY,27336
688,Wyatt Inc,Retail,83258 Joseph Spur Apt. 808,West Jenniferbury,VA,65336
689,Robinson-Stone,Tech,0621 Elizabeth Cliffs Apt. 479,New Barbara,AL,31904
690,Petty-Flowers,Manufacturing,6126 Jill Course Suite 012,Walshmouth,CA,29789
691,Lawrence PLC,Retail,644 Walker Ridge Suite 834,South Jay,AZ,33297
692,Jacobs Ltd,Tech,392 Robert Center Apt. 923,West Sandra,MO,80420
693,"Miller, Tucker and Burke",Manufacturing,1429 Michael Junctions,New Robert,KY,08374
694,Shannon-Moore,Retail,871 Randolph Cliff,Deniseton,VI,38758
695,Powell-Reeves,Tech,88584 Adam Corner,Jennifermouth,WA,07845
696,"Davis, Schneider and Johnson",Manufacturing,2927 Bryant Wells Suite 487,Port Jeremyburgh,OK,25533
697,Johnson-Bowen,Retail,627 Rachel Dale Apt. 263,North Mariastad,KY,49099
698,Nunez-Hill,Tech,956 Mark Stravenue,Collinschester,WI,34237
699,Williams LLC,Manufacturing,91433 Leslie Spring Suite 970,South Bradley,VI,10856
700,Burnett-Berg,Retail,246 Daniel Isle Apt. 304,East Clarence,AL,38223
701,Garrison-Shepard,Tech,604 Larry Mission,Port Tara,NH,97065
702,Allen and Sons,Manufacturing,89935 Cook Parkways Suite 062,Port Calebfurt,HI,39034
703,"Hogan, Warren and Wilson",Retail,35732 Cruz Rest,South Anne,IL,32846
704,Martinez Inc,Tech,890 Mitchell Lakes Suite 891,North Patrickview,MT,33085
705,Warner LLC,Manufacturing,07611 James Plains,Davidfurt,ND,99537
706,Weeks Ltd,Retail,7988 Ferguson Light,Christinachester,AK,56130
707,Coffey-Santiago,Tech,83793 Kim Fork,Rodriguezland,NC,10224
708,"White, Larson and Smith",Manufacturing,949 Lane Mountains,Aliton,ID,30976
709,Michael Group,Retail,0754 Devin Cliff,Port Amanda,OK,03039
710,Gallegos Group,Tech,959 Alvarado Falls Suite 255,Flemingside,CO,31664
711,Rich-Roman,Manufacturing,68226 Earl Heights,Seanchester,MH,50557
712,Franklin-Mann,Retail,0470 Tammy Glen,Alvarezview,UT,29517
713,Tate Group,Tech,94253 Gary Dam,Dunnview,PW,70504
714,"Gutierrez, Elliott and Alexander",Manufacturing,711 Scott Lane Apt. 592,South Timothyshire,GU,23311
715,"Perez, Holt and Rogers",Retail,6769 Benjamin Port Apt. 056,Martinton,HI,13668
716,"Sullivan, Fletcher and Martinez",Tech,378 Shelly Inlet Suite 784,Brockside,OR,33922
717,Garcia-Cox,Manufacturing,10890 Miranda Forest,Martinfort,GU,07782
718,Alvarado PLC,Retail,603 Andrew Heights Apt. 909,Valenciatown,VI,70724
719,"Hayes, Mcdonald and Holt",Tech,59509 Miranda Islands Suite 076,East Erinfurt,FL,27755
720,Walker and Sons,Manufacturing,4724 Peter Land Suite 357,New Jennifer,TX,77161
721,Gray and Sons,Retail,397 Wood Spurs Suite 128,Lake Douglasshire,FL,55480
722,Thompson Inc,Tech,48835 Howard Cove Apt. 516,Martintown,VT,87228
723,Kennedy Group,Manufacturing,1544 Hernandez Harbors Apt. 029,Conleyland,NY,27108
724,Malone-Stewart,Retail,8229 Nicholas River Apt. 921,Monicaburgh,WY,67887
725,Woods-Brown,Tech,3117 Patel Port Apt. 002,New John,GU,01780
726,Kim LLC,Manufacturing,04830 Caitlin Isle,West Danaside,AR,41363
727,Gates Group,Retail,611 Walton Burg,West Sarah,WY,61666
728,"Murray, Leblanc and Parker",Tech,64356 Hines Glens,Harmonville,MS,68113
729,Smith Inc,Manufacturing,08014 Stephanie Glen Apt. 419,Thomasberg,OR,91207
730,Johnson-Lucas,Retail,76856 Robin Shore,East Alexanderview,NV,56699
731,Hill Inc,Tech,73258 Hunter Circles Suite 261,South Dennis,LA,55687
732,"Hale, Smith and Lopez",Manufacturing,28008 Nicholas Junctions Apt. 032,Jenniferville,VA,13966
733,"Wright, Pacheco and Williams",Retail,2031 Dana Mission,Meghanside,IL,37537
734,Carr PLC,Tech,6465 Allen Bypass Apt. 507,Boylehaven,LA,60143
735,Rojas-Rivas,Manufacturing,48482 Robert Club,Lake Jenny,MD,91769
736,"Fisher, Roberts and Parker",Retail,42545 Kimberly Lakes,Toddhaven,MH,23522
737,"Lawrence, Nguyen and Smith",Tech,7495 Lamb Plain Suite 105,Coxborough,NJ,00634
738,Hoffman-Lindsey,Manufacturing,610 Ann Mountain,Frederickport,AZ,80133
739,"Strickland, Duran and Bryant",Retail,355 Allison Square Suite 977,Nicoleberg,DE,62646
740,Hawkins-Henry,Tech,2511 Tasha Camp Suite 444,Gregoryburgh,OK,47930
741,"Thompson, Howell and Flores",Manufacturing,693 Robertson Burgs Suite 317,Lake Henryfort,VI,36370
742,"Frazier, Blair and George",Retail,0642 Mccann Oval Apt. 868,Williamsside,MT,13728
743,Ortega-Garcia,Tech,3655 Baker Drive,North Brittany,TN,84854
744,Simmons Inc,Manufacturing,769 Carly Key,Port Kimberly,KY,35993
745,Marsh-Dougherty,Retail,3693 Roberson Mills Suite 925,Lake Angelatown,UT,49489
746,"Nelson, Ashley and Cabrera",Tech,490 Fuller Walks Apt. 659,East Jason,WY,63916
747,"Hunter, Lopez and Hill",Manufacturing,710 Steven Extension Suite 599,South Brettfurt,ID,69429
748,"Davis, Fields and Rogers",Retail,47639 Jason Wall,South Rodneybury,KS,63263
749,"Reed, Sanford and Grimes",Tech,91562 Bradford Avenue Suite 010,Wrightshire,OK,59084
750,Daniels-Davies,Manufacturing,86151 Keller Harbors Suite 536,Petersonport,NH,86934
751,"Cox, Torres and Bell",Retail,71981 Snow Drive Apt. 136,West Andreamouth,NH,97213
752,Hardy-Davis,Tech,99276 Connor Field Apt. 649,Davidburgh,ND,68609
753,"Hernandez, Stewart and Carson",Manufacturing,33241 Jones Meadow Apt. 721,West Michaelfurt,SC,86071
754,Johnson-Mccoy,Retail,07092 Sawyer Village,West Vanessa,OK,36159
755,Smith-Martin,Tech,09103 Osborn Isle Apt. 050,South Laurafurt,DC,11954
756,Hall-Jefferson,Manufacturing,7561 Preston Cliff,Hubbardstad,PA,32182
757,Baldwin-Taylor,Retail,1582 Elizabeth Forges Apt. 749,West Deborah,ME,80331
758,Bauer-Murray,Tech,34686 Pace Squares Suite 758,South Kylie,PA,69466
759,Solis PLC,Manufacturing,831 Rush Creek,Port Gregory,OH,92755
760,Hughes and Sons,Retail,60897 Watson Burgs Suite 203,Zacharytown,CO,27987
761,Mitchell-Turner,Tech,55998 Andrew Locks Suite 757,South Sheila,SD,56814
762,Hamilton Inc,Manufacturing,291 Debbie Radial Apt. 130,Richardsonhaven,MP,79136
763,Cross-Simpson,Retail,5915 Wilson Islands,New Dean,NV,21920
764,Morgan-Evans,Tech,849 Johnson Ranch Apt. 061,East Kyleburgh,NM,30073
765,Carter PLC,Manufacturing,32432 Megan Cliff Apt. 258,North Miguel,NY,05165
766,Price-Ford,Retail,249 Susan Drives Suite 699,Leeville,VI,34087
767,Cordova-Horton,Tech,93697 Nelson Ramp,Nicholasview,VA,04843
768,Cummings and Sons,Manufacturing,6906 Spencer Summit Suite 395,East Paulview,WI,64565
769,Rodriguez Group,Retail,39183 Karen Roads,Davidland,UT,26899
770,Thompson-Watts,Tech,22103 Deanna Green,Kingshire,IL,76611
771,Smith-Stephenson,Manufacturing,482 Valdez Grove Suite 085,Port Christinashire,SC,78434
772,Morales-Clark,Retail,367 Cooper Lake Apt. 126,Kingfort,KY,74945
773,"Walker, Browning and Gomez",Tech,244 Case Mission Suite 550,Lake Julieton,RI,60411
774,Nolan-Phelps,Manufacturing,878 Davis Route,Darrylville,TX,20392
775,"Brown, Clements and Rivera",Retail,6091 Price Path Apt. 433,West Claytonburgh,RI,71177
776,"Ramirez, Harrington and Phillips",Tech,02889 Huber Lodge Apt. 215,Estradaport,AL,60054
777,Snyder Inc,Manufacturing,7109 Donald Brooks,South Steveville,PW,04076
778,"Miles, Owens and Prince",Retail,5139 Kent Valley Suite 652,Nguyenside,CO,34973
779,"Walker, Garcia and Cox",Tech,786 Torres Neck Suite 558,Robertmouth,KS,87205
780,Wallace-Ortiz,Manufacturing,9360 Pierce Land Apt. 506,Wilsonhaven,MI,47488
781,Mccoy LLC,Retail,2334 Smith Skyway,Hodgesfort,PR,88229
782,Lee PLC,Tech,743 Joshua Courts Apt. 752,Thomasshire,ME,82638
783,Porter Inc,Manufacturing,1429 Collin Plains,Williamsshire,FM,66260
784,Taylor-Crawford,Retail,44775 Kayla Rue,Port Sydneyhaven,MA,81036
785,Holmes and Sons,Tech,696 Rachel Forks Suite 864,South Brittany,WY,06452
786,Wyatt-Hamilton,Manufacturing,255 Erik Springs,Bridgetville,NM,98831
787,Baldwin Ltd,Retail,5798 Villarreal Point Suite 925,West Chrisfort,IN,92644
788,Duncan Group,Tech,1249 Jasmine Harbors Suite 076,South Julie,AL,36050
789,Rojas and Sons,Manufacturing,231 Sanchez Trail Apt. 852,West Cesarfurt,WY,04011
790,Monroe-Wilson,Retail,806 Barbara Court Apt. 674,East Teresa,ME,04225
791,Jackson PLC,Tech,7962 Kelly Hill,New Brandon,KS,24575
792,Hamilton-Huynh,Manufacturing,66258 Paula Wall,Meltonmouth,PA,23862
793,Hernandez Group,Retail,98561 Crystal Field,Port Josephborough,VI,45876
794,Blankenship-Cooper,Tech,8752 Trevor Camp,Hartberg,TX,13256
795,Bush LLC,Manufacturing,206 Charles Fork,West Daniel,ID,61814
796,"Nelson, Parrish and Hardy",Retail,648 Robin Cape,Gomezburgh,CO,41697
797,Rodriguez-Black,Tech,34194 Jacqueline Hollow Suite 111,Valdezville,LA,16460
798,"Hill, Allen and Burton",Manufacturing,1896 Mcgrath View Apt. 626,New Andrewtown,UT,43394
799,Banks-Hall,Retail,43360 Mark Alley Suite 277,New Heathermouth,CT,73515
800,Tapia-Williams,Tech,71695 Young Courts Apt. 059,West Christopher,MH,12755
801,Luna Inc,Manufacturing,142 Terri Plains Apt. 168,Williamschester,UT,31871
802,"Fowler, Castaneda and Dawson",Retail,39109 Phyllis Crossroad,Martinfurt,VI,37546
803,Coleman-Adams,Tech,6226 Cantrell Plains,Lake Jessicaborough,VA,29412
804,Ellison-Mcmahon,Manufacturing,712 Cook Locks,New Mary,CA,71598
805,Perez PLC,Retail,5878 Richard Terrace,Cunninghambury,MS,42098
806,Payne-Taylor,Tech,04441 Gomez Island,North Andrew,MP,65904
807,"Bryant, Blankenship and Blevins",Manufacturing,745 Michelle Parks Apt. 537,Smithchester,RI,08410
808,"Franco, Jenkins and Decker",Retail,48707 Gonzalez Walk Apt. 178,North Christopherberg,OK,92057
809,Mitchell Ltd,Tech,6122 Merritt Mission,Weberside,RI,08786
810,Smith Inc,Manufacturing,6043 Clayton Road Suite 365,Lake Glenn,UT,14164
811,"Park, Lewis and Bennett",Retail,664 Jennifer Harbors Apt. 042,Lake Joseph,AR,70423
812,"Sullivan, West and Klein",Tech,6684 Alexander Cliffs Apt. 524,North Jennifer,MS,09724
813,Garcia Inc,Manufacturing,1643 Johnson Mountains,Jonesland,ND,81440
814,"Bailey, Olson and Conley",Retail,037 Robert Gardens,Petermouth,VT,79289
815,Brown LLC,Tech,99446 Nicole Ridge,Mataport,AL,70612
816,Medina-Vaughan,Manufacturing,808 Rogers Greens,Kimbury,MO,92283
817,"Moore, Glenn and Jackson",Retail,71417 Sheri Springs Apt. 521,East Kristenborough,MN,72646
818,Reynolds Ltd,Tech,57971 Michael Forks Suite 571,West Shelby,NM,78989
819,Pena LLC,Manufacturing,9197 Porter Greens,Dixonview,NC,45655
820,Davis Group,Retail,2549 Cindy Mount,Sarahmouth,ME,35791
821,Hopkins-Turner,Tech,49193 Robert Wall Apt. 207,South Davidton,NV,88204
822,Huber LLC,Manufacturing,8160 Gibson Stravenue Apt. 514,South Allison,WI,00592
823,Hunt and Sons,Retail,399 Farrell Lake,New Christianton,PR,31560
824,"Shepherd, Long and Ruiz",Tech,443 Weaver Terrace Suite 171,North Cherylmouth,DC,79972
825,"Young, Wagner and Parks",Manufacturing,465 Rachel Cliff,West Christineview,AK,74031
826,Perry-Fowler,Retail,408 Travis Fork Suite 748,North Loriland,WI,29946
827,Stephens LLC,Tech,610 Sanford Isle,North Amanda,FL,93773
828,Gray PLC,Manufacturing,91547 Carla Mountains,Michaelstad,NE,13055
829,Le-Sanchez,Retail,647 Hopkins Ways Apt. 299,West Judy,MT,79377
830,Nicholson-Holland,Tech,956 Andersen Viaduct,Charlesstad,PA,94315
831,Padilla LLC,Manufacturing,176 Ashley Pine Suite 013,North William,CO,84207
832,Carpenter-Daniels,Retail,43095 Matthew Lane Suite 737,East James,NY,89424
833,"Black, Medina and Barnes",Tech,107 Guzman Bypass Apt. 882,Dunntown,GA,70482
834,Hart-Brooks,Manufacturing,60864 Angela Stream Suite 274,New Patricia,MN,77931
835,"Guerrero, Campos and White",Retail,61816 Jennifer Cliff Apt. 108,Lake Kellyfurt,OH,93652
836,Gomez LLC,Tech,10921 James Flats Apt. 096,Foxborough,PW,15418
837,Skinner PLC,Manufacturing,56135 Phillip Village Apt. 257,North Juanfurt,NM,26275
838,Ryan-Villarreal,Retail,70227 Irwin Isle,New Kimberly,MI,51410
839,Daniel PLC,Tech,9348 Rocha Route,East Monica,DE,21223
840,Olsen Group,Manufacturing,084 Barnett Brooks,East Debbie,VT,89351
841,Terry Group,Retail,1136 Berger Shore Suite 183,Marthabury,MS,39638
842,"Raymond, Kelly and Lopez",Tech,621 Alexander Burg Suite 466,Christinaland,DE,60378
843,Moore-Jones,Manufacturing,50748 Brock Lakes,Connerville,MD,85955
844,Huang PLC,Retail,573 Murray Square,East Cindyhaven,WI,63132
845,"Ray, Barnett and Crawford",Tech,9850 Karen Pine Suite 192,Shieldsview,TN,16821
846,Mueller-Cruz,Manufacturing,860 Petty Estate Apt. 300,Ericmouth,OR,78872
847,"Meyer, Anderson and Gutierrez",Retail,86512 Green Street Suite 147,West Timothyland,MT,94695
848,Dudley-Burch,Tech,527 Cole Branch Apt. 487,East Carlfort,TX,75194
849,Contreras-Wilson,Manufacturing,2661 Drake Drive Apt. 420,Allenside,KS,54834
850,Shaw Ltd,Retail,436 Sarah Road Suite 165,Evanview,HI,72621
851,Parsons-Cox,Tech,3452 Mitchell Pine,Coleland,VA,45744
852,Craig-Williamson,Manufacturing,01316 Potts Manor,North Elizabethfort,CT,10082
853,May-Kennedy,Retail,242 Zavala Terrace,Mooremouth,TX,41509
854,"Perkins, Stewart and Mcclain",Tech,270 Mathews Road Suite 219,North Donaldfurt,CT,63842
855,"Sparks, Wilson and Lopez",Manufacturing,814 Dawson Roads Suite 975,Port Saraport,PR,74393
856,"Wallace, Owen and Johnston",Retail,4577 Jackson Trail Apt. 029,North Rachel,UT,88769
857,Hansen and Sons,Tech,121 Ross Bypass,Hayesmouth,NY,08399
858,Cook Ltd,Manufacturing,10934 Michael Locks Apt. 450,Vargaschester,OH,97313
859,Holmes-Perez,Retail,3442 Michael Hollow Suite 032,New Justintown,ME,97049
860,"Nelson, Haynes and Hardy",Tech,4948 Diaz Track,East Kylemouth,CO,61901
861,Brown PLC,Manufacturing,3055 Evans Road Apt. 320,Tiffanyberg,MP,33294
862,Kelly-Parsons,Retail,935 Sharon Route,Lake Connieland,WA,39359
863,Maxwell Group,Tech,460 Morgan Lake Suite 250,East Lisa,IL,06894
864,Baker Inc,Manufacturing,952 Rebecca Mountains Suite 728,Port Josephside,NE,45365
865,Ellis-Rivers,Retail,890 Tyler Crossroad Suite 460,Davidchester,SC,90658
866,Alvarez-Hendricks,Tech,41548 Smith Field Suite 091,Port Melissaside,LA,81682
867,Flores and Sons,Manufacturing,397 Johnson Ports,Trevortown,CA,74806
868,Robinson-Thomas,Retail,798 Megan Forest,Andrewsmouth,AK,88757
869,Blake LLC,Tech,61260 Smith Cliff,East Tonyastad,IA,60875
870,"Wilson, Franklin and Vaughan",Manufacturing,96746 Allen Unions,New James,MI,36126
871,Brown-Hayes,Retail,5549 Hayes Ridge Apt. 476,East Denise,WV,76652
872,Vasquez-Arroyo,Tech,34781 Torres Fall Apt. 891,Wrightfurt,MS,89225
873,"Sanders, Hampton and Kane",Manufacturing,7034 Antonio Ford,North Bradley,MO,52109
874,Clark-Dougherty,Retail,264 Keith Fords,North Jamesport,KY,72588
875,Johnson LLC,Tech,54353 Walsh Fords Suite 526,Patrickburgh,AL,68827
876,Knapp PLC,Manufacturing,2348 Mcdaniel Glens,Morrisberg,GA,44881
877,"Stewart, Green and Gibson",Retail,89336 Andrews Station Apt. 900,West Georgeton,AR,48926
878,Barnes and Sons,Tech,3989 Jones Pass,Carterport,OK,81639
879,Horton and Sons,Manufacturing,285 Garner Lodge Suite 786,New Sheri,VI,15933
880,"Simpson, Cross and Hughes",Retail,15321 Wagner Brook,South Hollyport,SD,99397
881,Hunt-Thornton,Tech,140 Mcknight Spurs,Johnberg,NM,91081
882,Fischer-Castillo,Manufacturing,918 Humphrey Ville Suite 029,Boylemouth,MP,19602
883,Andrews-Johnson,Retail,67835 Heather Plaza,Johnsonton,WI,46204
884,"Foster, Morales and Allen",Tech,46632 Young Street Suite 264,East Allen,MT,65625
885,Cross-Burton,Manufacturing,8419 Rhodes Port Suite 132,East Johnbury,PA,28553
886,"Ramirez, King and Thomas",Retail,07171 Cody Curve,Lake Brandonfort,CO,95195
887,Mayer-Hernandez,Tech,5417 Sims Valley Suite 136,Keithbury,KS,24139
888,Ayala Inc,Manufacturing,57308 Taylor Drive,West Charles,MS,70938
889,Wilson-Perkins,Retail,691 Macdonald Crest,West Jennifer,AR,83477
890,Tucker Inc,Tech,8339 Rachel Club,Angelaburgh,WY,04627
891,Nicholson-Johnson,Manufacturing,829 Amber Hills Suite 195,Yvonneland,MT,55976
892,Lin PLC,Retail,42373 Rodgers Village,Lake Jennifer,CT,90184
893,Stuart-Johnson,Tech,52949 Anna Loop,Langport,AR,22490
894,Macdonald Group,Manufacturing,8179 Charlotte Light,West Hayleyport,IA,24270
895,Chang Ltd,Retail,63896 Miller Pass,Hallhaven,ND,85213
896,Hayes PLC,Tech,05282 Lewis Lodge Suite 329,Lake Linda,DC,76787
897,Mcintosh-Oconnell,Manufacturing,442 Coleman Field,Schmittton,KS,17137
898,Powell-Gibson,Retail,97315 Brooks Camp,Port Carolynhaven,ID,66690
899,Curtis Ltd,Tech,9300 Jesse Crest Suite 513,West Amandaland,OR,19401
900,"Whitehead, Shelton and Mason",Manufacturing,474 Cochran Alley Apt. 826,New Jessemouth,NV,59849
901,Howard-Holland,Retail,0273 Charles Spur,Port Amy,WI,48795
902,Haney-Martinez,Tech,9473 Bailey Mills Suite 603,East Derek,ND,21360
903,Wells-Gutierrez,Manufacturing,953 Amanda Place Apt. 861,Baileyview,GA,02690
904,Kane LLC,Retail,809 Derek Harbors Suite 232,Jillianside,SD,61218
905,Bennett PLC,Tech,851 Susan Route,Port Elizabeth,FL,90120
906,Martin LLC,Manufacturing,298 Dustin Track Suite 271,Douglasport,VT,26083
907,"Johnson, Coleman and Baird",Retail,60395 Johnson Drives Apt. 810,North Danafort,NE,59473
908,"Patterson, Hoffman and Rivera",Tech,5116 Morris River,North Joseph,ME,81424
909,"Jones, Mcdaniel and Smith",Manufacturing,990 Kyle Island,Raymondberg,KY,41516
910,Burke-Murray,Retail,25677 Tina Fork,West Kimberly,KY,23694
911,Washington PLC,Tech,92062 Lauren Squares Suite 290,South Jenniferstad,WY,33905
912,Ray-Ramirez,Manufacturing,3711 Michael Isle Apt. 526,Lake Elizabeth,IN,85973
913,"Espinoza, Harris and Hanson",Retail,79779 David Plain Apt. 179,Port Kathleen,AS,42334
914,Ward and Sons,Tech,637 Warren Roads,West Brianburgh,DC,24148
915,Stephens Inc,Manufacturing,5256 Jones Burg Suite 476,Parkermouth,VA,87415
916,Keller Inc,Retail,56437 Turner Summit,New Gregory,DE,43677
917,Nunez Ltd,Tech,192 Davis Lake Suite 836,Kimstad,OK,88471
918,Vega-Brennan,Manufacturing,981 Anthony Knoll,Jessicahaven,NV,77706
919,"James, Kelly and Jimenez",Retail,26221 Benjamin Plain,South Melissa,PR,21413
920,"Mann, Berry and Daniels",Tech,20696 Mark Lakes Suite 967,Coleborough,MI,22623
921,"Harvey, Evans and Martin",Manufacturing,532 Madeline Fall,New Brandon,IL,28401
922,Townsend Ltd,Retail,46103 Timothy Avenue,Lake Joannbury,NJ,71168
923,Ford Inc,Tech,5742 Ashley Overpass Suite 788,Ricardoside,UT,45242
924,Meza Group,Manufacturing,843 Jon Street,Ashleymouth,AZ,61856
925,"Smith, Johnson and Randall",Retail,4542 Olsen Cliff Apt. 622,Kevinside,AL,92430
926,Schmidt-Moore,Tech,242 Mays Creek,Scottburgh,UT,94471
927,Villanueva Group,Manufacturing,160 Hart Extension,Freyside,TX,95809
928,Anderson LLC,Retail,0377 Natasha Islands,New Daniel,FL,11445
929,Jacobson-Mills,Tech,409 Wallace Summit Suite 323,Port Karen,WV,28961
930,Lee-Sullivan,Manufacturing,593 Gregory Hills,New Lisa,TN,59803
931,Harper LLC,Retail,97382 Jones Passage,Williamton,ND,89263
932,"Butler, Smith and Brown",Tech,15381 Dillon Station Apt. 502,Bushburgh,RI,46333
933,Smith-Hunt,Manufacturing,38468 Smith Crossing,Quinnshire,OK,91795
934,Bolton-Young,Retail,5169 Brandon Unions Apt. 797,Lake Michaeltown,TN,47621
935,"Brown, Hale and Young",Tech,8635 Contreras Hollow,South Kelly,IN,42642
936,"Smith, Brown and Johnson",Manufacturing,6302 Russo Dam,Leemouth,MT,56700
937,"Brown, James and Fletcher",Retail,58724 Jason Square Suite 958,Keithfurt,AK,05178
938,Brooks-Hart,Tech,8622 Pineda Valley Apt. 978,Fisherside,KY,53670
939,"Lopez, Woods and Erickson",Manufacturing,5802 Ellis Spurs,West Josephville,ME,10812
940,Arnold LLC,Retail,20234 Brewer Viaduct Suite 264,East Terryland,WV,67855
941,Holmes Group,Tech,208 Herrera Shoals,Marytown,SC,48274
942,Goodman-Cummings,Manufacturing,94196 Samantha Stream,Port Joelstad,IL,05987
943,Jones-Adams,Retail,95904 Lamb Estate,West Amy,WY,14681
944,Jackson-Alvarez,Tech,6125 Wiley Land Apt. 678,Lake Michaelshire,MI,36232
945,Davis-Stone,Manufacturing,2580 Nicholas Plains Apt. 551,Joseville,MT,20190
946,Love Inc,Retail,2226 Cheryl Crossroad,South Ryan,NY,57210
947,Brown-Smith,Tech,503 Williams Knolls Apt. 955,West Ashley,HI,38540
948,"Woods, Jones and Davis",Manufacturing,34359 Glass Squares,Davisfort,CO,32946
949,Salas-Singleton,Retail,1148 Donald Junction,East Donnafort,PW,15291
950,Cuevas-Small,Tech,698 Maria Summit,North Carolfurt,DE,59604
951,Long-Lyons,Manufacturing,68000 Jeremy Trafficway,Conleyhaven,CT,38344
952,Atkinson Group,Retail,5630 Dawson Locks,North Alexander,NJ,11530
953,"Mason, Herring and Robinson",Tech,57088 Collier Overpass Apt. 942,Jaredfort,NV,09346
954,"Buck, Gray and Martinez",Manufacturing,017 Hannah Inlet Suite 106,South Sarah,WV,36366
955,Chang Ltd,Retail,14040 Richard Vista Apt. 037,Randallville,TX,51826
956,Navarro Inc,Tech,594 David Path,Lake Paul,PR,58718
957,Barajas-Garcia,Manufacturing,010 Jimmy Throughway Suite 471,Josephton,MA,63718
958,Cox-Webster,Retail,19838 Mark Stravenue Suite 415,Vincentside,AL,08426
959,"Simmons, Sexton and Sparks",Tech,2097 Pennington Corner,Shariton,UT,69531
960,Lee PLC,Manufacturing,89830 Daniel Common Suite 839,Lake Amy,MH,35845
961,Hill PLC,Retail,88818 Thomas Harbor,East Bryce,OR,41681
962,Jones-Tran,Tech,49094 Leonard Orchard,Rosarioland,TN,81224
963,Garcia Inc,Manufacturing,482 Michael Brooks,Smithville,TX,94514
964,"Brady, Williams and Sanchez",Retail,4588 Rogers Trafficway,Deborahburgh,DC,15126
965,Powers-Newman,Tech,62352 Aaron Estates Suite 251,Gregland,WV,48017
966,Nguyen-Stanton,Manufacturing,5544 Teresa Roads Suite 612,West Michael,MO,74675
967,"Mueller, Myers and Hall",Retail,754 Pamela Ways Apt. 808,Tinamouth,MS,02223
968,"Newton, Fowler and Mueller",Tech,97092 Garner Landing,East Laurieview,FL,22291
969,"Cain, Kelley and Chandler",Manufacturing,9628 Kristin Wall Suite 473,Rhondaville,AR,13202
970,"Williams, Taylor and Pittman",Retail,61748 Brandi Flats Suite 619,West Michelle,WY,70196
971,Graham and Sons,Tech,9660 Dean Light,South Josephland,SC,62046
972,"Levine, Collins and Hernandez",Manufacturing,428 Turner Rapid,Pacemouth,WA,59191
973,"Johnson, Murillo and Pugh",Retail,54324 Mary Courts Suite 791,Port Annette,NJ,88564
974,Simon-Nicholson,Tech,2677 Travis Glens Apt. 685,East Renee,MT,61578
975,George-Valentine,Manufacturing,51165 Farrell Expressway,West Melvinton,VA,76394
976,Stephens-Blair,Retail,151 Gilmore Mews Apt. 854,Thomasport,MS,27530
977,"Holmes, Hoffman and Kennedy",Tech,75764 Colon Greens Apt. 243,Palmertown,OK,06734
978,Craig-Garcia,Manufacturing,2407 Caitlin Mountains Suite 647,Sullivanstad,SD,10489
979,Peters PLC,Retail,1988 Ferguson Tunnel Apt. 733,West Victoria,AS,61144
980,Pierce-Potter,Tech,2416 Ann Station,Lake Jeffrey,ME,55899
981,Smith-Torres,Manufacturing,29172 Weaver Lock,Randallview,OK,19675
982,"Murray, Nelson and Jones",Retail,139 John Lakes Suite 258,Ronaldport,VT,69063
983,Wright-Wells,Tech,607 Dillon Wall,Johntown,TN,10436
984,Thomas-Rojas,Manufacturing,84094 Velazquez Cliff Apt. 782,Port Joseph,NM,34085
985,Patrick PLC,Retail,067 Sherry Coves,South Davidmouth,ID,71470
986,"Williams, Espinoza and Stevens",Tech,06937 Paul Shoal,Stuartland,IA,81392
987,"Ramirez, Walker and Munoz",Manufacturing,120 Michael Drive Suite 234,West Karenstad,CO,46219
988,Kennedy-Walker,Retail,104 Dennis Drive,North Jennifer,AZ,77997
989,Henderson Ltd,Tech,84783 David Lock Suite 941,West Wendymouth,AZ,39716
990,Miller-Brown,Manufacturing,13471 Lam Circles Suite 348,Virginiamouth,CO,83077
991,"Murray, White and Craig",Retail,471 Robert Loaf Apt. 362,South Nicholas,NC,25904
992,Hamilton-Hamilton,Tech,437 Carrie Spur,Lake Charlesmouth,AL,24191
993,Mitchell PLC,Manufacturing,99045 Eric Summit Apt. 479,Dianehaven,HI,85987
994,Murphy-Gonzales,Retail,89140 Short Vista,Leslieport,AL,09554
995,"Foster, Hinton and Humphrey",Tech,3801 Kemp Dam,Wolfborough,MT,83199
996,"Hardy, Jones and Williams",Manufacturing,8090 Brewer Junction Apt. 243,South Shannon,GU,57886
997,Sampson LLC,Retail,60212 Bates Ranch,Port Marie,AL,83519
998,"Clark, Kim and Martin",Tech,935 Stephanie Common,Ryanborough,NM,31039
999,Chambers-Jones,Manufacturing,2552 Jones Viaduct,Smithmouth,NV,59792
1000,Moore Inc,Retail,045 Christine Run Apt. 820,Port Rita,PA,72379
